title,latitude,longitude
WYNDHAM PORT, -15.4644, 128.1000
WYNDHAM AERO, -15.5100, 128.1503
TROUGHTON ISLAND, -13.7542, 126.1485
KURI BAY, -15.4875, 124.5222
MITCHELL PLATEAU, -14.7925, 125.8258
WYNDHAM, -15.4869, 128.1236
MOUNT ELIZABETH, -16.4181, 126.1025
KALUMBURU, -14.2964, 126.6453
TRUSCOTT, -14.0900, 126.3867
KALUMBURU MISSION, -14.2961, 126.6431
DOONGAN, -15.3797, 126.3114
OLD HALLS CREEK, -18.2519, 127.7817
HALLS CREEK METEOROLOGICAL OFFICE, -18.2291, 127.6636
KIMBERLEY RES.STATION, -15.6545, 128.7091
WARMUN, -17.0154, 128.2174
KUNUNURRA, -15.7828, 128.7353
KUNUNURRA AERO, -15.7814, 128.7100
ARGYLE AERODROME, -16.6380, 128.4516
HALLS CREEK COMPARISON (OLD), -18.2303, 127.6625
BROOME POST OFFICE, -17.9500, 122.2500
BROOME AIRPORT, -17.9475, 122.2352
CAPE LEVEQUE, -16.3961, 122.9278
FITZROY CROSSING COMP., -18.1919, 125.5644
DERBY POST OFFICE, -17.3044, 123.6292
COCKATOO ISLAND, -16.0992, 123.6161
BIDYADANGA, -18.6844, 121.7803
DERBY AERO, -17.3706, 123.6611
CAMBALLIN, -17.9903, 124.1922
TALGARNO, -19.2833, 121.5000
MOUNT BARNETT, -16.7372, 125.9086
CYGNET BAY, -16.4513, 123.0087
NITA DOWNS, -19.0861, 121.6764
KOOLAN ISLAND, -16.1306, 123.7764
WESTERN FIELD, -19.3283, 125.3886
CADJEBUT, -18.7267, 125.9875
CURTIN AERO, -17.5768, 123.8297
BROOME COMPARISON, -17.9492, 122.2339
SOUTH EAST WATERBANK, -17.8578, 122.2725
FITZROY CROSSING AERO, -18.1814, 125.5619
BROOME WHARF NTC AWS, -18.0019, 122.2162
YAMPI SOUND (DEFENCE), -16.7671, 123.9810
ABYDOS, -21.4167, 118.9333
PORT HEDLAND POST OFFICE, -20.3139, 118.5742
MANDORA, -19.7419, 120.8433
MARBLE BAR COMPARISON, -21.1756, 119.7497
NULLAGINE, -21.8861, 120.1103
PARDOO STATION, -20.1078, 119.5811
PORT HEDLAND AIRPORT, -20.3725, 118.6317
ROEBOURNE, -20.7767, 117.1456
REDMONT, -21.9931, 119.0131
ABYDOS WOODSTOCK, -21.6200, 118.9550
GOLDSWORTHY, -20.3422, 119.5206
YANDEE, -21.3625, 118.8783
CAPE LAMBERT, -20.6150, 117.1633
KARRATHA AERO, -20.7097, 116.7742
SHAY GAP, -20.4958, 120.1672
ROEBOURNE AERO, -20.7594, 117.1583
LEGENDRE ISLAND, -20.3583, 116.8431
DAMPIER PORT, -20.6175, 116.7517
KARRATHA TOWN, -20.7381, 116.8489
BEDOUT ISLAND, -19.5894, 119.1000
PORT HEDLAND MILOS AWS COMPARISON, -20.3736, 118.6297
MARBLE BAR, -21.1756, 119.7497
LEARMONTH AIRPORT, -22.2406, 114.0967
MARDIE, -21.1906, 115.9797
ONSLOW, -21.6364, 115.1117
ONSLOW AIRPORT, -21.6689, 115.1092
VLAMINGH HEAD, -21.8067, 114.1072
WITTENOOM, -22.2425, 118.3358
EXMOUTH TOWN, -21.9303, 114.1260
EAST INTERCOURSE ISLAND, -20.6553, 116.6789
BARROW ISLAND, -20.8206, 115.3931
NAVY CHARLIE, -22.3333, 114.0500
DAMPIER SALT, -20.7278, 116.7483
SAND HILL, -22.7825, 119.6172
PANNAWONICA, -21.6392, 116.3308
TOM PRICE, -22.6967, 117.7703
NAVY ALPHA, -21.8222, 114.1714
LEARMONTH MILOS AWS COMPARISON, -22.2367, 114.0869
BARROW ISLAND AIRPORT, -20.8740, 115.4066
KARIJINI NORTH, -22.2999, 118.4498
CARNARVON AIRPORT, -24.8878, 113.6700
GASCOYNE JUNCTION, -25.0544, 115.2100
HAMELIN POOL, -26.3994, 114.1658
DENHAM, -25.9265, 113.5325
CARNARVON POST OFFICE, -24.8858, 113.6565
EMU CREEK STATION, -23.0314, 115.0414
NANGA, -26.2564, 113.8064
BRICKHOUSE WOOLSHED, -24.8167, 113.8333
CAPE CUVIER, -24.2167, 113.3833
MURCHISON, -26.8956, 115.9567
SHARK BAY AIRPORT, -25.8925, 113.5772
CUE, -27.4250, 117.8936
MEEKATHARRA AIRPORT, -26.6136, 118.5372
MEEKATHARRA POST OFFICE, -26.5933, 118.4883
MOUNT MAGNET, -28.0617, 117.8506
MOUNT PHILLIP, -24.4000, 116.3078
MUNDIWINDI, -23.7942, 120.2442
MURGOO, -27.3636, 116.4261
NARNDEE, -28.9467, 118.1857
THREE RIVERS, -25.1256, 119.1514
YALGOO, -28.3386, 116.6825
PAYNES FIND, -29.2708, 117.6836
NEWMAN, -23.3683, 119.7314
ERRABIDDY, -25.4628, 117.1364
OUDABUNNA, -29.0675, 117.7572
NEWMAN AERO, -23.4213, 119.8023
PARABURDOO, -23.2028, 117.6692
PARABURDOO AERO, -23.1726, 117.7493
MEEKATHARRA MILOS AWS COMPARISON, -26.6131, 118.5367
MOUNT AUGUSTUS RESORT, -24.3075, 116.9094
MOUNT MAGNET AERO, -28.1156, 117.8425
CARNAMAH, -29.6883, 115.8857
NABAWA, -28.5008, 114.7897
DALWALLINU COMPARISON, -30.2772, 116.6619
GERALDTON TOWN, -28.7769, 114.6050
GERALDTON AIRPORT COMPARISON, -28.7953, 114.6975
MINGENEW, -29.1906, 115.4414
MOORA, -30.6417, 116.0072
MORAWA, -29.2103, 116.0089
MULLEWA, -28.5367, 115.5142
WONGAN HILLS, -30.8917, 116.7186
WONGAN HILLS RES.STATION, -30.8408, 116.7267
WALEBING, -30.6646, 116.1383
ENEABBA POST OFFICE OLD SITE, -29.8000, 115.3500
ENEABBA, -29.8183, 115.2722
PERENJORI AMBULANCE, -29.4500, 116.2667
KALBARRI, -27.7119, 114.1650
NOKANENA, -28.3517, 114.5778
NORTH ISLAND, -28.3009, 113.5937
MORAWA AIRPORT, -29.2039, 116.0247
DALWALLINU, -30.2761, 116.6714
GERALDTON AIRPORT, -28.8047, 114.6989
FREMANTLE, -32.0550, 115.7500
PERTH AIRPORT, -31.9275, 115.9764
PERTH REGIONAL OFFICE, -31.9556, 115.8697
NEDLANDS UWA, -31.9861, 115.8192
BADGINGARRA RESEARCH STN, -30.3381, 115.5394
ROTTNEST ISLAND LIGHTHOUSE, -32.0089, 115.5022
PEARCE RAAF, -31.6669, 116.0189
KALAMUNDA, -31.9822, 116.0594
KWINANA BP REFINERY, -32.2258, 115.7611
UPPER SWAN RESEARCH STATION, -31.7564, 116.0222
GOSNELLS CITY, -32.0481, 115.9844
STONEVILLE RESEARCH STN, -31.8531, 116.1783
KARNET, -32.4389, 116.0789
LANCELIN, -31.0160, 115.3322
WEST PERTH, -31.9508, 115.8453
JURIEN BAY, -30.3081, 115.0311
WALLISTON, -31.9942, 116.0692
SUBIACO TREATMENT PLANT, -31.9556, 115.7928
PERTH WEST, -31.9500, 115.8500
POINT PERON, -32.2667, 115.7000
BENTLEY (CURTIN), -32.0022, 115.8861
JANDAKOT AERO, -32.1011, 115.8794
GINGIN AERO, -31.4628, 115.8642
BEENYUP, -31.7858, 115.7772
FREMANTLE, -32.0533, 115.7647
ROTTNEST ISLAND, -32.0069, 115.5022
MEDINA RESEARCH CENTRE, -32.2208, 115.8075
GARDEN ISLAND, -32.2300, 115.6844
SWANBOURNE, -31.9560, 115.7619
PERTH METRO, -31.9192, 115.8728
BICKLEY, -32.0072, 116.1369
PERTH AIRPORT COMPARISON, -31.9356, 115.9639
GARDEN ISLAND HSF, -32.2433, 115.6839
HILLARYS BOAT HARBOUR NTC AWS, -31.8256, 115.7386
LANCELIN (DEFENCE), -30.8392, 115.2283
MILLENDON (SWAN VALLEY), -31.8112, 116.0227
ALBANY, -35.0289, 117.8808
BOYUP BROOK, -33.8325, 116.3894
BRIDGETOWN COMPARISON, -33.9575, 116.1375
BUNBURY POST OFFICE, -33.3267, 115.6300
BUSSELTON SHIRE, -33.6611, 115.3456
CAPE LEEUWIN, -34.3728, 115.1358
CAPE NATURALISTE, -33.5372, 115.0189
DONNYBROOK, -33.5719, 115.8247
DWELLINGUP, -32.7103, 116.0594
ESPERANCE POST OFFICE, -33.8500, 121.8833
ESPERANCE AERO, -33.6825, 121.8275
BUSSELTON, -33.6550, 115.3194
HALLS HEAD, -32.5385, 115.7002
MANJIMUP, -34.2508, 116.1450
MARGARET RIVER, -33.9583, 115.0636
MOUNT BARKER, -34.6250, 117.6361
PEMBERTON, -34.4478, 116.0433
BUSSELTON AERO, -33.6818, 115.4026
BRIDGETOWN, -33.9486, 116.1311
COLLIE, -33.3603, 116.1473
ESPERANCE DOWNS RESEARCH STN, -33.6031, 121.7828
DENMARK RES.STN., -34.9511, 117.3700
WOKALUP, -33.1328, 115.8794
ALBANY AIRPORT COMPARISON, -34.9414, 117.8022
WITCHCLIFFE, -34.0281, 115.1042
METTLER, -34.5961, 118.5519
BEDFORD HARBOUR 1, -33.7500, 120.6000
MARGARET RIVER CALM, -33.9350, 115.0831
ECLIPSE ISLAND, -35.1833, 117.8833
ESPERANCE, -33.8300, 121.8925
HARVEY, -33.0789, 115.8806
JARRAHWOOD, -33.7964, 115.6658
FRANKLAND VINEYARDS, -34.4417, 116.9944
HAY PARK, -33.3694, 115.6378
MUNGLINUP, -33.7078, 120.8653
WINDY HARBOUR, -34.8373, 116.0260
MOUNT BARKER NORTH, -34.5702, 117.6230
LUDLOW, -33.6033, 115.4983
BUNBURY POWER STATION, -33.3158, 115.6600
MANDURAH, -32.5211, 115.7500
HOPETOUN NORTH, -33.9306, 120.1283
ROCKY GULLY, -34.5714, 117.0106
BUNBURY, -33.3567, 115.6447
SHANNON, -34.5683, 116.3367
MANDURAH, -32.5219, 115.7119
COLLIE EAST, -33.3608, 116.1717
NORTH WALPOLE, -34.9469, 116.7222
ALBANY AIRPORT, -34.9411, 117.8158
BENCUBBIN, -30.8081, 117.8603
CUNDERDIN, -31.6494, 117.2331
GOOMALLING, -31.2994, 116.8269
KELLERBERRIN, -31.6183, 117.7217
MERREDIN, -31.4756, 118.2789
MERREDIN RESEARCH STATION, -31.4994, 118.2242
NORTHAM, -31.6508, 116.6586
WYALKATCHEM, -31.1806, 117.3797
YORK POST OFFICE, -31.8836, 116.7581
MURESK INSTITUTE, -31.7500, 116.6833
BAKERS HILL, -31.7469, 116.4561
MOUNT GIBSON, -29.5833, 117.1500
CUNDERDIN AIRFIELD, -31.6219, 117.2217
YORK, -31.8997, 116.7650
BEVERLEY, -32.1083, 116.9247
BROOKTON, -32.3728, 117.0086
CORRIGIN, -32.3292, 117.8733
GLEN LOSSIE, -33.8167, 117.1667
HYDEN, -32.4419, 118.8983
KATANNING COMPARISON, -33.6886, 117.5553
KOJONUP, -33.8300, 117.1590
KONDININ, -32.4947, 118.2675
LAKE GRACE COMPARISON, -33.1006, 118.4625
NAREMBEEN, -32.0656, 118.3956
NARROGIN, -32.9342, 117.1797
ONGERUP, -33.9634, 118.4788
PINGELLY, -32.5336, 117.0831
RAVENSTHORPE, -33.5803, 120.0458
WAGIN, -33.3075, 117.3403
WANDERING COMPARISON, -32.6814, 116.6756
NEWDEGATE RESEARCH STATION, -33.1129, 118.8400
JACUP, -33.8878, 119.1092
LAKE GRACE, -33.1006, 118.4647
KATANNING, -33.6856, 117.6064
WANDERING, -32.6722, 116.6706
EUCLA, -31.6797, 128.8958
FORREST AERO, -30.8389, 128.1139
MUNDRABILLA STATION, -31.8433, 127.8572
RAWLINNA, -31.0119, 125.3294
MADURA STATION, -31.9269, 126.9733
BALLADONIA, -32.4569, 123.8653
EYRE, -32.2464, 126.3008
CAIGUNA ASA, -32.2653, 125.4894
MOONERA, -31.7219, 126.5889
BALGAIR, -31.0900, 125.6589
FORREST, -30.8453, 128.1092
RED ROCKS POINT, -32.2028, 127.5297
BOOYLGOO SPRING, -27.7228, 119.9067
NORSEMAN AERO, -32.2147, 121.7547
CASHMERE DOWNS, -28.9700, 119.5686
KALGOORLIE-BOULDER AIRPORT, -30.7847, 121.4533
KALGOORLIE POST OFFICE, -30.7500, 121.4667
MUNGLINUP WEST, -33.5547, 120.6997
LAVERTON, -28.6303, 122.4072
LEONORA, -28.8879, 121.3302
MENZIES, -29.6939, 121.0297
NORSEMAN, -32.1981, 121.7794
SALMON GUMS RES.STN., -32.9869, 121.6239
SOUTHERN CROSS, -31.2319, 119.3281
YEELIRRIE, -27.2842, 120.0931
YAMARNA, -28.1664, 123.6556
BULGA DOWNS, -28.4967, 119.7436
LEONORA AERO, -28.8789, 121.3186
DIEMALS, -29.6694, 119.3031
WINDARRA, -28.4900, 122.2375
MUNGLINUP MELALEUCA, -33.5969, 120.7578
LEINSTER, -27.9172, 120.7000
LAVERTON AERO, -28.6133, 122.4236
LEINSTER AERO, -27.8386, 120.7031
SOUTHERN CROSS AIRFIELD, -31.2353, 119.3564
MOUNT WALTON EAST IWDF, -30.3803, 120.1481
EARAHEEDY, -25.5908, 121.5853
BALGO HILLS, -20.1417, 127.9867
WARBURTON AIRFIELD, -26.1317, 126.5839
WILUNA, -26.5914, 120.2258
CARNEGIE, -25.7964, 122.9753
GILES METEOROLOGICAL OFFICE, -25.0341, 128.3010
TELFER AERO, -21.7125, 122.2281
YOWALGA, -26.5283, 125.6144
WILUNA AERO, -26.6273, 120.2195
CAPE DON, -11.3167, 131.7667
MINJILANG, -11.1456, 132.5688
DARWIN AIRPORT, -12.4239, 130.8925
DARWIN POST OFFICE, -12.4600, 130.8400
CHARLES POINT, -12.3895, 130.6306
MANTON DAM, -12.8381, 131.1306
DARWIN AIRPORT COMPARISON, -12.4227, 130.8844
MIDDLE POINT, -12.6050, 131.2988
OENPELLI, -12.3236, 133.0579
NOONAMAH AWS, -12.6365, 131.0714
DARWIN NTC AWS, -12.4719, 130.8458
NOONAMAH, -12.6367, 131.0733
PICKERTARAMOOR, -11.7653, 130.8881
MIDDLE POINT RANGERS, -12.5782, 131.3145
MILIKAPITI, -11.4258, 130.6758
TORTILLA FLATS, -13.1000, 131.2333
BERRIMAH RESEARCH FARM, -12.4429, 130.9325
PIRLANGIMPI AIRPORT, -11.4021, 130.4217
MILTON SPRINGS, -13.2167, 131.0000
BLACK POINT, -11.1538, 132.1430
DARWIN REGIONAL OFFICE, -12.4667, 130.8333
MURGANELLA, -11.5472, 132.9255
GROSE ISLAND, -12.6500, 130.3667
JABIRU AIRPORT, -12.6592, 132.8940
GUNN POINT PRISON FARM, -12.2522, 131.0428
CAPE DON, -11.3081, 131.7651
CHANNEL POINT, -13.1672, 130.1226
POINT STUART, -12.2403, 131.8785
BATCHELOR AIRPORT, -13.0544, 131.0252
MCCLUER ISLAND, -11.0468, 132.9791
WILDMAN RIVER PLANTATIONS, -12.6415, 131.8851
DUM IN MIRRIE AIRSTRIP, -12.6350, 130.3725
NGUKURR AIRPORT, -14.7236, 134.7456
KATHERINE COUNTRY CLUB, -14.4728, 132.2612
CROKER ISLAND AIRPORT, -11.1629, 132.4813
MURGANELLA AIRSTRIP, -11.5485, 132.9266
OENPELLI AIRPORT, -12.3272, 133.0069
NOONAMAH AIRSTRIP, -12.6099, 131.0474
DARWIN AIRPORT SCREEN COMPARISON, -12.4239, 130.8925
EAST POINT, -12.4108, 130.8273
MANINGRIDA, -12.0482, 134.2263
WARRUWI AIRPORT, -11.6500, 133.3797
MILINGIMBI, -12.1239, 134.9078
MILINGIMBI AIRPORT, -12.0932, 134.8919
MANINGRIDA AIRPORT, -12.0569, 134.2339
GOVE AIRPORT, -12.2684, 136.8188
YIRRKALA MISSION, -12.2500, 136.8833
GALIWINKU, -12.0280, 135.5648
ANGURUGU, -13.9833, 136.4333
ALYANGULA POLICE, -13.8483, 136.4198
GOVE AIRPORT MET OFFICE, -12.2741, 136.8201
NHULUNBUY, -12.1939, 136.7637
WALLABY BEACH, -12.1933, 136.7100
NGAYAWILI, -11.9971, 135.5726
GROOTE EYLANDT AIRPORT, -13.9746, 136.4630
SAINT VIDGEON, -16.2553, 133.3686
NGUKURR, -14.7295, 134.7274
LARRIMAH, -15.5748, 133.2137
ROPER VALLEY, -14.9289, 134.0078
DALY WATERS, -16.2529, 133.3700
DALY WATERS AIRSTRIP, -16.2637, 133.3782
BULMAN, -13.6715, 134.3415
TANUMBIRINI, -16.4550, 134.6504
BULMAN, -13.6667, 134.3333
PORT ROPER, -14.7500, 135.3333
ROPER BAR STORE, -14.7356, 134.5291
DALY WATERS HI-WAY INN, -16.3167, 133.3833
FLYING FOX, -14.8529, 134.0361
CENTRE ISLAND, -15.7426, 136.8192
MCARTHUR RIVER MINE AIRPORT, -16.4423, 136.0760
ROBINSON RIVER, -16.7622, 136.9789
WOLLOGORANG, -17.2122, 137.9462
BORROLOOLA, -16.0667, 136.3000
VANDERLIN ISLAND MIMETS, -15.8333, 137.0500
PUNGALINA, -16.7167, 137.4167
BORROLOOLA AIRPORT, -16.0755, 136.3041
BRADSHAW - ANGALLARI VALLEY (DEFENCE), -15.4397, 130.5731
AUVERGNE, -15.6844, 130.0098
VICTORIA RIVER DOWNS, -16.4030, 131.0145
LAJAMANU AIRPORT, -18.3324, 130.6361
CATTLE CREEK, -17.5967, 131.5445
KIRKIMBIE, -17.7333, 129.2400
INVERWAY, -17.8483, 129.6360
KEEP RIVER NTA, -15.4167, 129.1667
WAVE HILL, -17.3869, 131.1166
KIDMAN SPRINGS, -16.1177, 130.9558
TIMBER CREEK, -15.6614, 130.4808
DOUGLAS RIVER RESEARCH FARM, -13.8345, 131.1872
KATHERINE COUNCIL, -14.4589, 132.2572
KATHERINE AVIATION MUSEUM, -14.4437, 132.2737
KATHERINE EXP. FARM, -14.4833, 132.2500
PORT KEATS POLICE, -14.2403, 129.5215
WOOLIANA, -13.6817, 130.6367
CENTRAL ARNHEM PLATEAU, -13.3275, 133.0861
INJUN BEACH, -14.2350, 129.4242
TIPPERARY, -13.7352, 131.0437
TINDAL RAAF, -14.5229, 132.3826
PINE CREEK, -13.8238, 131.8373
MANGO FARM, -13.7379, 130.6834
PORT KEATS AIRPORT, -14.2494, 129.5282
DELAMERE WEAPONS RANGE, -15.7441, 131.9181
PINE CREEK COUNCIL, -13.8243, 131.8320
BRADSHAW - KOOLENDONG VALLEY (DEFENCE), -15.1853, 130.1169
KANGAROO FLATS (DEFENCE), -12.7934, 130.8542
MOUNT BUNDEY NORTH (DEFENCE), -12.9141, 131.8663
MOUNT BUNDEY SOUTH (DEFENCE), -13.0889, 131.8478
KNUCKEY LAGOON, -12.4422, 130.9556
AVON DOWNS, -20.0297, 137.4907
WONARAH, -19.8983, 136.3358
BRUNETTE DOWNS, -18.6370, 135.9450
TENNANT CREEK POST OFFICE, -19.6475, 134.1896
NEWCASTLE WATERS POST OFFICE, -17.3833, 133.4000
ELLIOTT, -17.5552, 133.5439
TENNANT CREEK AIRPORT, -19.6423, 134.1833
ALI CURUNG, -21.0025, 134.4029
CURTIN SPRINGS, -25.3139, 131.7571
BARROW CREEK, -21.5317, 133.8901
FINKE POST OFFICE, -25.5833, 134.5667
AYERS ROCK, -25.3400, 131.0583
YUENDUMU, -22.2565, 131.8011
ALICE SPRINGS POST OFFICE, -23.7100, 133.8683
RINGWOOD, -23.8287, 134.9556
RABBIT FLAT, -20.1883, 130.0161
TEMPE DOWNS, -24.3996, 132.4525
WILLOWRA, -21.2759, 132.6230
ALICE SPRINGS AIRPORT, -23.7951, 133.8890
ARLTUNGA, -23.4564, 134.6849
JERVOIS, -22.9494, 136.1442
KULGERA, -25.8428, 133.3027
PAPUNYA, -23.2044, 131.9156
PALM VALLEY, -24.0637, 132.7448
ALICE SPRINGS CONNELLANS, -23.6833, 133.8500
YULARA AIRPORT, -25.1896, 130.9737
TERRITORY GRAPE FARM, -22.4518, 133.6377
WATARRKA, -24.2918, 131.5490
ULURU RANGERS, -25.3602, 131.0196
WALUNGURRU AIRPORT, -23.2656, 129.3844
RABBIT FLAT, -20.1823, 130.0148
WOOMERA AERODROME, -31.1558, 136.8054
COOBER PEDY, -29.0040, 134.7564
ERNABELLA, -26.2925, 132.1283
NONNING, -32.5226, 136.4926
TARCOOLA, -30.7111, 134.5694
YUDNAPINNA, -32.1232, 137.1505
ANDAMOOKA, -30.4490, 137.1692
MIRIKATA, -29.8767, 135.2464
MOUNT IVE, -32.4398, 136.0671
LAKE TORRENS, -31.8953, 137.7144
MARLA POLICE STATION, -27.3002, 133.6201
ROXBY DOWNS (OLYMPIC DAM), -30.4494, 136.8703
COOBER PEDY AIRPORT, -29.0347, 134.7222
PORT AUGUSTA ARID LANDS, -32.4783, 137.7386
ROXBY DOWNS (OLYMPIC DAM AERODROME), -30.4869, 136.8739
ERNABELLA (PUKATJA), -26.2635, 132.1771
TARCOOLA AERO, -30.7051, 134.5786
LEIGH CREEK AERO, -30.4667, 138.4075
MARREE (FARINA), -30.0660, 138.2739
MARREE, -29.6451, 138.0639
OODNADATTA AIRPORT, -27.5553, 135.4456
MOUNT DARE, -26.0702, 135.2471
MOOMBA, -28.1125, 140.2102
ARKAROOLA, -30.3110, 139.3357
LEIGH CREEK AIRPORT, -30.5963, 138.4219
OODNADATTA, -27.5498, 135.4484
MOOMBA AIRPORT, -28.0997, 140.1956
MARREE AERO, -29.6587, 138.0684
CEDUNA POST OFFICE, -32.1267, 133.6725
CEDUNA AMO, -32.1297, 133.6976
CLEVE, -33.7011, 136.4937
FOWLERS BAY, -31.9900, 132.4372
KIMBA, -33.1416, 136.4126
KYANCUTTA, -33.1337, 135.5521
MINNIPA AGRICULTURAL CENTRE, -32.8361, 135.1500
ELLISTON, -33.6501, 134.8880
PORT LINCOLN, -34.7225, 135.8558
STREAKY BAY, -32.8084, 134.1979
WUDINNA AERO, -33.0430, 135.4519
WHYALLA (NORRIE), -33.0303, 137.5328
NULLARBOR, -31.4492, 130.8976
COOK, -30.6143, 130.4136
MARALINGA, -30.1591, 131.5790
NEPTUNE ISLAND, -35.3365, 136.1174
CLEVE AERODROME, -33.7081, 136.5026
WHYALLA AERO, -33.0539, 137.5206
POLDA (GUM VIEW), -33.5085, 135.2928
YALATA COMMUNITY, -31.4813, 131.8387
PORT LINCOLN (TOD RIVER), -34.4906, 135.8511
COULTA (COLES POINT), -34.3749, 135.3741
NORTH SHIELDS (PORT LINCOLN AWS), -34.5993, 135.8784
MINNIPA PIRSA, -32.8427, 135.1515
PORT AUGUSTA AERO, -32.5073, 137.7169
CEDUNA (THEVENARD NTC AWS), -32.1490, 133.6416
CUMMINS AERO, -34.2524, 135.7135
CULTANA (DEFENCE), -32.6845, 137.3689
COFFIN BAY (POINT AVOID), -34.6750, 135.3362
HAWKER, -31.9043, 138.4388
PORT AUGUSTA POST OFFICE, -32.5000, 137.7667
WIRRABARA FOREST, -33.0856, 138.2119
YONGALA, -33.0276, 138.7560
PORT AUGUSTA POWER STATION, -32.5280, 137.7900
WILPENA POUND, -31.5286, 138.6093
YUNTA, -32.5819, 139.5611
GLUEPOT RESERVE (GLUEPOT), -33.7622, 140.1251
YUNTA AIRSTRIP, -32.5707, 139.5645
BUNDALEER FOREST RESERVE, -33.2758, 138.5750
CLARE POST OFFICE, -33.8364, 138.6125
GEORGETOWN, -33.3590, 138.3930
PORT PIRIE NYRSTAR COMPARISON, -33.1708, 138.0104
SNOWTOWN, -33.7844, 138.2133
PORT PIRIE AERODROME, -33.2341, 138.0010
CLARE HIGH SCHOOL, -33.8226, 138.5933
SNOWTOWN (RAYVILLE PARK), -33.7675, 138.2182
PORT PIRIE AERODROME AWS, -33.2371, 137.9971
KADINA, -33.9551, 137.6953
MAITLAND, -34.3745, 137.6733
PRICE, -34.2971, 138.0014
WAROOKA, -34.9906, 137.3995
ALTHORPE ISLAND, -35.3725, 136.8594
TROUBRIDGE SHOAL LIGHTHOUSE, -35.1167, 137.8333
MINLATON AERO, -34.7480, 137.5276
EDITHBURGH, -35.1121, 137.7395
STENHOUSE BAY, -35.2795, 136.9392
KADINA AWS, -33.9703, 137.6628
CAPE BORDA COMPARISON, -35.7529, 136.5938
CAPE DE COUEDIC, -36.0667, 136.7000
CAPE WILLOUGHBY, -35.8426, 138.1327
KINGSCOTE, -35.6560, 137.6377
PARNDANA EAST RESEARCH STATION, -35.8000, 137.3333
PARNDANA (ALLANDALE), -35.7734, 137.0330
CAPE BORDA, -35.7549, 136.5959
KINGSCOTE AERO, -35.7114, 137.5231
PARNDANA CFS AWS, -35.7916, 137.2496
ADELAIDE (WEST TERRACE / NGAYIRDAPIRA), -34.9257, 138.5832
PARAFIELD AIRPORT, -34.7977, 138.6281
PENFIELD WEAPONS RESEARCH, -34.7333, 138.6500
ROSEWORTHY AGRIC COLLEGE, -34.5267, 138.6883
ADELAIDE (WAITE INSTITUTE), -34.9697, 138.6331
ADELAIDE AIRPORT, -34.9524, 138.5196
ADELAIDE (PARAFIELD PLANT INTRODUCTION C, -34.7833, 138.6242
ADELAIDE AIRPORT OLD SITE, -34.9566, 138.5356
ADELAIDE (NORTHFIELD RESEARCH CENTRE), -34.8533, 138.6517
MALLALA AERO, -34.4167, 138.5000
EDINBURGH RAAF, -34.7111, 138.6223
ADELAIDE (KENT TOWN), -34.9211, 138.6216
VIRGINIA 2, -34.6500, 138.5667
ADELAIDE (BLACK HILL CONSERVATION PARK), -34.8833, 138.7167
VIRGINIA, -34.6453, 138.5306
ROSEWORTHY AWS, -34.5106, 138.6763
KAPUNDA, -34.3412, 138.9155
NURIOOTPA COMPARISON, -34.4767, 139.0047
ROSEDALE (TURRETFIELD RESEARCH CENTRE), -34.5519, 138.8342
NURIOOTPA PIRSA, -34.4761, 139.0056
BELAIR (KALYRA), -35.0042, 138.6147
MOUNT BARKER, -35.0732, 138.8466
MYPONGA, -35.3912, 138.4642
STIRLING, -35.0333, 138.7167
STRATHALBYN, -35.2560, 138.8901
VICTOR HARBOR COMPARISON, -35.5550, 138.6217
MOUNT CRAWFORD FOREST HEADQUARTERS, -34.7122, 138.9469
STIRLING POST OFFICE, -35.0000, 138.7167
LENSWOOD, -34.9482, 138.8071
VICTOR HARBOR (ENCOUNTER BAY), -35.5544, 138.5997
SECOND VALLEY FOREST, -35.5718, 138.2440
KUITPO FOREST HQ, -35.2158, 138.7014
KERSBROOK FOREST RSVE, -34.8167, 138.8500
MOUNT LOFTY, -34.9784, 138.7088
GOOLWA (HINDMARSH ISLAND MARINA), -35.5147, 138.7989
MCLAREN VALE CHALK HILL ROAD, -35.2111, 138.5325
PARAWA (SECOND VALLEY FOREST AWS), -35.5695, 138.2864
MOUNT CRAWFORD AWS, -34.7253, 138.9278
PICCADILLY (PETALUMA), -34.9833, 138.7317
NOARLUNGA, -35.1586, 138.5057
KUITPO FOREST RESERVE, -35.1712, 138.6783
HINDMARSH ISLAND AWS, -35.5194, 138.8177
BERRI IRRIGATION, -34.2833, 140.6000
RENMARK, -34.1711, 140.7494
WAIKERIE, -34.1778, 139.9806
LOXTON RESEARCH CENTRE, -34.4333, 140.6000
LOXTON RESEARCH CENTRE, -34.4390, 140.5978
BERRI, -34.2717, 140.5964
WAIKERIE AERO, -34.1847, 140.0242
BERRI CARAVAN PARK, -34.2833, 140.6167
WAIKERIE (GOLDEN HEIGHTS), -34.1944, 139.9378
WAIKERIE (CADELL), -34.0569, 139.7583
RENMARK AERO, -34.1983, 140.6766
EUDUNDA, -34.1773, 139.0903
MENINGIE, -35.6902, 139.3375
MURRAY BRIDGE, -35.1234, 139.2592
TAILEM BEND, -35.2546, 139.4542
MILANG DEPT OF AGRIC., -35.4167, 138.9667
NILDOTTIE, -34.6762, 139.6513
STRATHALBYN RACECOURSE, -35.2836, 138.8934
MURRAY BRIDGE (PALLAMANA AERODROME), -35.0650, 139.2273
KAROONDA, -35.0900, 139.8972
LOXTON (WANBI RESEARCH CENTRE), -34.7797, 140.2733
CALIPH, -34.6345, 140.2432
KEITH, -36.0980, 140.3556
LAMEROO, -35.3288, 140.5175
MENINGIE (NARANGA), -35.8597, 139.5599
BORDERTOWN, -36.3000, 140.7667
KIRRA, -35.7681, 140.8911
KEITH (MUNKORA), -36.1058, 140.3273
LAMEROO (AUSTIN PLAINS), -35.3778, 140.5378
CAPE NORTHUMBERLAND, -38.0573, 140.6725
KYBYBOLITE RESEARCH CENTRE, -36.8803, 140.9286
LUCINDALE POST OFFICE, -36.9731, 140.3664
MOUNT BURR FOREST RESERVE, -37.5575, 140.4197
MOUNT GAMBIER POST OFFICE, -37.8333, 140.7833
MOUNT GAMBIER AERO, -37.7473, 140.7739
NARACOORTE, -36.9564, 140.7402
ROBE, -37.1628, 139.7560
PENOLA STATE FOREST RESERVE, -37.4886, 140.8269
COONAWARRA, -37.3000, 140.8333
POLICEMAN POINT, -36.0582, 139.5913
KONETTA E&WS, -37.2667, 140.1167
STRUAN, -37.0951, 140.7911
PADTHAWAY, -36.5958, 140.4864
COONAWARRA, -37.2906, 140.8254
CAPE JAFFA (THE LIMESTONE), -36.9655, 139.7164
NARACOORTE AERODROME, -36.9813, 140.7270
PADTHAWAY SOUTH, -36.6539, 140.5212
ROBE AIRFIELD, -37.1776, 139.8054
COEN POST OFFICE, -13.9447, 143.2006
COEN AIRPORT EVAP, -13.7642, 143.1178
MORETON TELEGRAPH STATION, -12.4536, 142.6389
THURSDAY ISLAND TOWNSHIP, -10.5831, 142.2203
THURSDAY ISLAND MO, -10.5853, 142.2100
WEIPA EASTERN AVE, -12.6267, 141.8836
WEIPA AERO, -12.6778, 141.9208
INJINOO AIRPORT, -10.9428, 142.4508
COCONUT ISLAND, -10.0511, 143.0686
HORN ISLAND, -10.5844, 142.2900
COEN AIRPORT, -13.7606, 143.1183
SCHERGER RAAF, -12.6167, 142.0869
PALMERVILLE, -15.9999, 144.0754
MUSGRAVE, -14.7803, 143.5036
LOCKHART RIVER AIRPORT, -12.7850, 143.3047
BURKETOWN POST OFFICE, -17.7425, 139.5475
CLONCURRY MCILLWRAITH ST, -20.7087, 140.5182
CLONCURRY AERO, -20.6717, 140.5083
CROYDON TOWNSHIP, -18.2044, 142.2447
JULIA CREEK POST OFFICE, -20.6569, 141.7458
KARUMBA AIRPORT, -17.4553, 140.8314
KOWANYAMA AIRPORT, -15.4818, 141.7483
MORNINGTON ISLAND, -16.6640, 139.1837
NORMANTON POST OFFICE, -17.6706, 141.0672
JULIA CREEK AIRPORT, -20.6672, 141.7214
NORMANTON AIRPORT, -17.6872, 141.0733
BURKETOWN AIRPORT, -17.7483, 139.5356
TOORAK RESEARCH STATION, -21.0344, 141.8008
MOUNT ISA POST OFFICE, -20.7333, 139.4833
MOUNT ISA MINE, -20.7361, 139.4817
MOUNT ISA AERO, -20.6778, 139.4875
SWEERS ISLAND, -17.1142, 139.5981
CLONCURRY AIRPORT, -20.6664, 140.5050
MOUNT ISA COMPARISON, -20.6786, 139.4831
CENTURY MINE, -18.7569, 138.7056
LAKE JULIUS AWS, -20.1167, 139.7256
MORNINGTON ISLAND AIRPORT, -16.6620, 139.1655
GEORGETOWN POST OFFICE, -18.2922, 143.5483
HUGHENDEN AIRPORT, -20.8192, 144.2333
HUGHENDEN POST OFFICE, -20.8447, 144.1986
MOUNT SURPRISE TOWNSHIP, -18.1472, 144.3183
RICHMOND POST OFFICE, -20.7289, 143.1425
GEORGETOWN AIRPORT, -18.3039, 143.5306
RICHMOND AIRPORT, -20.7001, 143.1137
CAIRNS POST OFFICE, -16.9333, 145.7833
CAIRNS AERO, -16.8736, 145.7458
COOKTOWN POST OFFICE, -15.4633, 145.2500
COOKTOWN MISSION STRIP, -15.4486, 145.1861
HERBERTON MOWBRAY RD, -17.3803, 145.3884
KAIRI RESEARCH STATION, -17.2186, 145.5650
LOW ISLES LIGHTHOUSE, -16.3842, 145.5592
PORT DOUGLAS - WARNER ST, -16.4833, 145.4639
MAREEBA QWRC, -16.9950, 145.4253
PARADA RESEARCH STATION, -17.1467, 145.2400
KOOMBOOLOOMBA DAM, -17.8400, 145.5956
FITZROY ISLAND LIGHTHOUSE, -16.9267, 146.0033
WALKAMIN RESEARCH STATION, -17.1347, 145.4281
LAKELAND DOWNS STATION, -15.8333, 144.8500
MAREEBA AIRPORT, -17.0706, 145.4294
GREEN ISLAND, -16.7614, 145.9719
ATHERTON, -17.2550, 145.4803
COOKTOWN AIRPORT, -15.4461, 145.1861
MAREEBA AIRPORT, -17.0704, 145.4293
CAPE FLATTERY, -14.9672, 145.3106
CAIRNS RACECOURSE, -16.9463, 145.7474
CARDWELL MARINE PDE, -18.2544, 146.0192
CAPE CLEVELAND LIGHTHOUSE, -19.1833, 147.0167
INNISFAIL, -17.5249, 146.0345
SOUTH JOHNSTONE EXP STN, -17.6053, 145.9972
TOWNSVILLE AERO, -19.2483, 146.7661
BOTTOM OF PIN GIN HILL, -17.5333, 145.9667
INGHAM COMPOSITE, -18.6494, 146.1769
COWLEY JTTRE, -17.6833, 146.1167
EARLS COURT JTTRE, -17.7667, 145.8000
LIVERPOOL CREEK JTTRE, -17.7167, 145.8500
LUCINDA POINT, -18.5203, 146.3861
TOWNSVILLE AERO COMPARISON, -19.2492, 146.7647
CAPE FERGUSON NTC AWS, -19.2774, 147.0586
CARDWELL STONEY CREEK RD, -18.2978, 146.0375
COWLEY BEACH (DEFENCE), -17.6905, 146.1126
MOUNT STUART (DEFENCE), -19.4082, 146.7620
TOWNSVILLE- AIR WEAPONS RANGE (DEFENCE), -19.3048, 146.2438
INNISFAIL AERODROME, -17.5581, 146.0119
INGHAM AERO, -18.6651, 146.1467
BURDEKIN SHIRE COUNCIL, -19.5778, 147.4063
AYR DPI RESEARCH STN, -19.6169, 147.3758
BOWEN POST OFFICE, -20.0167, 148.2500
COLLINSVILLE POST OFFICE, -20.5533, 147.8464
HAYMAN ISLAND RESORT, -20.0564, 148.8881
MACKAY AERO, -21.1706, 149.1794
MACKAY POST OFFICE, -21.1500, 149.1833
TE KOWAI EXP STN, -21.1642, 149.1192
PINE ISLET LIGHTHOUSE, -21.6667, 150.2167
PROSERPINE POST OFFICE, -20.4000, 148.5833
ST LAWRENCE POST OFFICE, -22.3458, 149.5356
PACIFIC HEIGHTS, -23.0965, 150.7343
MILLAROO DPI, -20.0464, 147.2739
HAMILTON ISLAND AIRPORT, -20.3658, 148.9536
MACKAY M.O, -21.1172, 149.2169
WILLIAMSON, -22.4703, 150.1786
ROSSLYN BAY NTC AWS, -23.1610, 150.7901
ST LAWRENCE, -22.3472, 149.5242
PROSERPINE AIRPORT, -20.4925, 148.5550
HAMILTON ISLAND, -20.3528, 148.9511
BOWEN AIRPORT, -20.0151, 148.2152
YEPPOON THE ESPLANADE, -23.1364, 150.7506
ALVA BEACH, -19.4569, 147.4833
MACKAY COMPARISON, -21.1183, 149.2150
DOTSWOOD, -19.6264, 146.2939
WOOLSHED, -19.4168, 146.5362
SAMUEL HILL AERO, -22.7433, 150.6578
BOWEN AIRPORT AWS, -20.0153, 148.2138
TOWNSVILLE- FANNING RIVER (DEFENCE), -19.7830, 146.5000
OORALEA RACECOURSE (MACKAY TURF CLUB), -21.1700, 149.1515
CHARTERS TOWERS POST OFFICE, -20.0781, 146.2614
MORANBAH AIRPORT, -22.0644, 148.0758
MORANBAH WATER TREATMENT PLANT, -21.9947, 148.0308
CHARTERS TOWERS AIRPORT, -20.0427, 146.2716
CLERMONT POST OFFICE, -22.8250, 147.6408
EMERALD POST OFFICE, -23.5267, 148.1617
ROLLESTON, -24.4619, 148.6261
SPRINGSURE COMET ST, -24.1230, 148.0856
TAMBO POST OFFICE, -24.8819, 146.2564
TAROOM POST OFFICE, -25.6408, 149.7958
CLERMONT AIRPORT, -22.7756, 147.6217
ROLLESTON AIRPORT, -24.4617, 148.6264
BLACKWATER AIRPORT, -23.6015, 148.8074
LOCHINGTON, -23.9424, 147.5250
BRIGALOW RESEARCH STN, -24.8353, 149.8003
EMERALD AIRPORT, -23.5694, 148.1756
BLACKWATER WATER TREATMENT PLANT, -23.5953, 148.8746
BARCALDINE POST OFFICE, -23.5544, 145.2883
ISISFORD POST OFFICE, -24.2591, 144.4406
LONGREACH POST OFFICE, -23.4500, 144.2500
LONGREACH AERO, -23.4397, 144.2828
BLACKALL AIRPORT, -24.4303, 145.4306
TWIN HILLS POST OFFICE, -21.9500, 146.9517
BLACKALL TOWNSHIP, -24.4214, 145.4672
LONGREACH COMPARISON, -23.4372, 144.2769
CAMOOWEAL TOWNSHIP, -19.9225, 138.1214
THE MONUMENT AIRPORT, -21.8125, 139.9267
TREPELL AIRPORT, -21.8400, 140.8925
WINTON AIRPORT, -22.3617, 143.0836
URANDANGI, -21.6119, 138.3136
WINTON POST OFFICE, -22.3908, 143.0386
CARTERS BORE, -20.9358, 139.2964
URANDANGI AERODROME, -21.5979, 138.3665
NEW MAY DOWNS, -20.5900, 139.3411
BEDOURIE, -24.3597, 139.4714
BIRDSVILLE POLICE STATION, -25.9003, 139.3492
BOULIA AIRPORT, -22.9117, 139.9039
WINDORAH EVAP, -25.4197, 142.6594
BIRDSVILLE AIRPORT, -25.8975, 139.3472
WINDORAH AIRPORT, -25.4117, 142.6647
BARALABA POST OFFICE, -24.1819, 149.8117
BILOELA DPI, -24.3789, 150.5164
BULBURIN FORESTRY, -24.5333, 151.4667
BUNDABERG POST OFFICE, -24.8667, 152.3467
BUSTARD HEAD LIGHTHOUSE, -24.0222, 151.7642
CAPE CAPRICORN LIGHTHOUSE, -23.4833, 151.2333
CHILDERS POST OFFICE, -25.2361, 152.2781
GAYNDAH POST OFFICE, -25.6258, 151.6094
KALPOWAR FORESTRY, -24.6925, 151.3047
LADY ELLIOT ISLAND, -24.1116, 152.7161
GAYNDAH AIRPORT, -25.6167, 151.6156
WALTERHALL, -23.6286, 150.3867
ROCKHAMPTON AERO, -23.3753, 150.4775
SANDY CAPE LIGHTHOUSE, -24.7297, 153.2083
THANGOOL AIRPORT, -24.4935, 150.5709
THEODORE DPI, -24.9503, 150.0725
MONTO TOWNSHIP, -24.8642, 151.1247
HERON ISLAND RES STN, -23.4417, 151.9125
GLADSTONE RADAR, -23.8553, 151.2628
BUNDABERG AERO, -24.9069, 152.3230
NORTH REEF LIGHTHOUSE, -23.1833, 151.9000
NARAYEN RES STN, -25.6875, 150.8689
HERON ISLAND, -23.4483, 151.9178
SEVENTEEN SEVENTY, -24.1568, 151.8889
RUNDLE ISLAND, -23.5322, 151.2771
GLADSTONE AIRPORT, -23.8697, 151.2214
MONTO AIRPORT, -24.8931, 151.0997
AMBERLEY AMO, -27.6297, 152.7111
BEAUDESERT CRYNA, -28.0206, 153.0131
CALOUNDRA SIGNAL STATION, -26.8017, 153.1500
CAPE MORETON LIGHTHOUSE, -27.0314, 153.4661
COOLANGATTA BOWLS COMP, -28.1783, 153.5383
COMO, -26.1842, 152.9136
CROHAMHURST, -26.8094, 152.8700
DOUBLE ISLAND POINT LIGHTHOUSE, -25.9319, 153.1906
UNIVERSITY OF QUEENSLAND GATTON, -27.5436, 152.3375
GYMPIE, -26.1831, 152.6414
IMBIL FORESTRY, -26.4619, 152.6644
IPSWICH, -27.6117, 152.7608
KINGAROY PRINCE STREET, -26.5544, 151.8456
MALENY TAMARIND ST, -26.7528, 152.8519
MARYBOROUGH, -25.5132, 152.7152
NANANGO WILLS ST, -26.6756, 151.9939
SOMERSET DAM, -27.1147, 152.5550
SOUTHPORT RIDGEWAY AVE, -27.9829, 153.4056
MT TAMBORINE FERN ST, -27.9695, 153.1954
POINT LOOKOUT, -27.4361, 153.5456
ARCHERFIELD AIRPORT, -27.5716, 153.0071
BRISBANE REGIONAL OFFICE, -27.4660, 153.0270
BRISBANE AERO, -27.4178, 153.1142
SAMFORD CSIRO, -27.3617, 152.8861
SANDGATE POST OFFICE, -27.3233, 153.0700
TEWANTIN POST OFFICE, -26.3919, 153.0408
REDLANDS HRS, -27.5278, 153.2500
NAMBOUR DPI, -26.6431, 152.9392
BEERBURRUM FOREST STATION, -26.9586, 152.9619
COOLANGATTA AERO, -28.1661, 153.5036
MT GLORIOUS FAHEY RD, -27.3342, 152.7717
KIRKLEAGH, -27.0258, 152.5642
HERVEY BAY AIRPORT, -25.3220, 152.8817
MOGGILL VET RES FARM, -27.5275, 152.9222
COOLUM BOWLS CLUB, -26.5300, 153.0897
BRIAN PASTURES, -25.6550, 151.7450
GATTON DAFF RESEARCH STN, -27.5456, 152.3289
TOOLARA FORESTRY, -25.9963, 152.8335
GLENLOGAN FIELD STATION, -27.8333, 153.0000
WACOL DPI, -27.5767, 152.9042
K'GARI EURONG, -25.5048, 153.1289
TOOLARA (KELLY), -25.9713, 152.8609
HINZE DAM, -28.0481, 153.2875
JIMNA FORESTRY, -26.6644, 152.4606
REDCLIFFE COUNCIL, -27.2450, 153.1006
COOLANGATTA, -28.1681, 153.5053
GOLD COAST SEAWAY, -27.9390, 153.4283
HERVEY BAY WILDLIFE PARK, -25.2903, 152.8153
BRISBANE AERO, -27.3917, 153.1292
BAROON POCKET DAM, -26.7150, 152.8719
CANUNGRA LAND WARFARE CENTRE, -28.0272, 153.1794
LOGAN CITY WATER TREATMENT PLANT, -27.6841, 153.1981
RAINBOW BEACH, -25.9007, 153.0891
SUNSHINE COAST AIRPORT, -26.5990, 153.0912
TEWANTIN RSL PARK, -26.3911, 153.0403
AMBERLEY AERO COMPARISON, -27.6294, 152.7114
BRISBANE, -27.4808, 153.0389
KINGAROY AIRPORT, -26.5737, 151.8398
REDCLIFFE, -27.2169, 153.0922
BEAUDESERT DRUMLEY STREET, -27.9707, 152.9898
NAMBOUR DAFF - HILLSIDE, -26.6442, 152.9383
CAMBOOYA POST OFFICE, -27.7072, 151.8650
DALBY POST OFFICE, -27.1839, 151.2639
GOONDIWINDI POST OFFICE, -28.5481, 150.3075
HERMITAGE, -28.2061, 152.1003
KILLARNEY POST OFFICE, -28.3344, 152.2953
PITTSWORTH, -27.7228, 151.6361
STANTHORPE LESLIE PARADE, -28.6617, 151.9339
INGLEWOOD FOREST, -28.3661, 150.9539
TEXAS POST OFFICE, -28.8544, 151.1681
TOOWOOMBA, -27.5836, 151.9317
WALLANGARRA POST OFFICE, -28.9236, 151.9311
APPLETHORPE, -28.6217, 151.9533
WARWICK DRAGON ST, -28.2247, 152.0258
INGLEWOOD TOBACCO RES, -28.5000, 150.9333
OAKEY AERO, -27.4034, 151.7413
GOONDIWINDI AIRPORT, -28.5211, 150.3256
DALBY AIRPORT, -27.1605, 151.2633
WARWICK, -28.2061, 152.1003
TOOWOOMBA AIRPORT, -27.5425, 151.9134
GOONDIWINDI AIRPORT, -28.5226, 150.3223
MILES POST OFFICE, -26.6581, 150.1844
MILES CONSTANCE STREET, -26.6569, 150.1819
INJUNE POST OFFICE, -25.8428, 148.5669
MITCHELL POST OFFICE, -26.4888, 147.9777
ROMA POST OFFICE, -26.5719, 148.7897
ST GEORGE POST OFFICE, -28.0361, 148.5814
SURAT, -27.1591, 149.0702
YULEBA STATE FOREST, -26.6383, 149.4261
ROMA AIRPORT, -26.5477, 148.7710
ST GEORGE AIRPORT, -28.0478, 148.5957
BOLLON MARY ST, -28.0316, 147.4815
CHARLEVILLE AERO, -26.4139, 146.2558
CHARLEVILLE POST OFFICE, -26.4025, 146.2381
CUNNAMULLA POST OFFICE, -28.0689, 145.6822
GILRUTH PLAINS, -28.1000, 145.9833
CHARLEVILLE AERO COMPARISON, -26.4147, 146.2608
ADAVALE POST OFFICE, -25.9167, 144.6000
BALLERA GAS FIELD, -27.4008, 141.8114
QUILPIE AIRPORT, -26.6125, 144.2578
THARGOMINDAH POST OFFICE, -27.9978, 143.8197
THARGOMINDAH AIRPORT, -27.9867, 143.8150
WILCANNIA AERODROME AWS, -31.5194, 143.3850
TIBOOBURRA POST OFFICE, -29.4362, 142.0097
WHITE CLIFFS POST OFFICE, -30.8506, 143.0893
WILCANNIA (REID ST), -31.5631, 143.3747
FOWLERS GAP  RESEARCH  STATION, -31.0869, 141.7017
TIBOOBURRA AIRPORT, -29.4448, 142.0567
FOWLERS GAP AWS, -31.0863, 141.7008
WHITE CLIFFS AWS, -30.8522, 143.0743
WANAARING (BORRONA DOWNS AWS), -29.7614, 143.1135
SMITHVILLE AWS, -30.0692, 141.0067
BROKEN HILL (PATTON STREET), -31.9759, 141.4676
LAKE VICTORIA STORAGE, -34.0438, 141.2676
MENINDEE POST OFFICE, -32.3937, 142.4173
POONCARIE MAIL AGENCY, -33.3856, 142.5696
BROKEN HILL (STEPHENS CREEK RESERVOIR), -31.8803, 141.5930
BROKEN HILL AIRPORT AWS, -32.0012, 141.4694
WENTWORTH POST OFFICE, -34.1065, 141.9189
BROKEN HILL RFDS, -31.9333, 141.5333
MULURULU AWS, -33.3392, 143.4000
BOURKE POST OFFICE, -30.0917, 145.9358
BREWARRINA HOSPITAL, -29.9614, 146.8651
COBAR MO, -31.4840, 145.8294
COBAR POST OFFICE, -31.5000, 145.8000
COLLARENEBRI (ALBERT ST), -29.5406, 148.5817
GOODOOGA POST OFFICE, -29.1142, 147.4543
WANAARING POST OFFICE, -29.7029, 144.1484
COBAR AIRPORT AWS, -31.5388, 145.7964
BOURKE AIRPORT, -30.0423, 145.9520
LIGHTNING RIDGE VISITOR INFORMATION CENT, -29.4310, 147.9722
COBAR COMPARISON, -31.4861, 145.8281
BOURKE AIRPORT AWS, -30.0362, 145.9521
WANAARING (DELTA AWS), -30.1006, 145.3338
NOONA AWS, -31.7267, 144.9313
IVANHOE AERODROME AWS, -32.8833, 144.3092
BALRANALD (RSL), -34.6398, 143.5610
EUSTON POST OFFICE, -34.5833, 142.7333
IVANHOE POST OFFICE, -32.8999, 144.2995
MOUNT HOPE (CYPRESS GROVE), -32.8345, 145.8772
EUABALONG (MOUNT HOPE AWS), -32.8261, 145.8801
CONDOBOLIN RETIREMENT VILLAGE, -33.0818, 147.1524
WEST WYALONG AIRPORT AWS, -33.9382, 147.1962
PEAK HILL POST OFFICE, -32.7235, 148.1902
TULLAMORE (KITCHENER ST), -32.6345, 147.5666
CONDOBOLIN AG RESEARCH STN, -33.0664, 147.2283
CONDOBOLIN SOIL CONSERVATION, -33.0833, 147.1500
CONDOBOLIN AIRPORT AWS, -33.0682, 147.2133
COONAMBLE COMPARISON, -30.9753, 148.3806
GILGANDRA (CHELMSFORD AVE), -31.7049, 148.6629
NYNGAN AIRPORT, -31.5495, 147.1961
QUAMBONE STATION, -30.9252, 147.8690
TRANGIE POST OFFICE, -32.0322, 147.9826
TRANGIE RESEARCH STATION AWS, -31.9861, 147.9489
NARROMINE AIRPORT, -32.2230, 148.2292
WARREN (AUSCOTT), -31.7833, 147.7667
COONAMBLE AIRPORT AWS, -30.9776, 148.3798
WALGETT (BREWON AWS), -30.2411, 147.5327
GIRILAMBONE (OKEH) AWS, -31.0824, 146.9296
MUNGINDI POST OFFICE, -28.9786, 148.9899
WALGETT COUNCIL DEPOT, -30.0236, 148.1218
WALGETT AIRPORT AWS, -30.0372, 148.1223
MOREE AUTOSONDE, -29.4917, 149.8461
BARADINE FORESTRY, -30.9469, 149.0654
MOREE POST OFFICE, -29.5000, 149.9000
NARRABRI WEST POST OFFICE, -30.3401, 149.7552
MOREE COMPARISON, -29.4819, 149.8383
MOREE AERO, -29.4898, 149.8471
BARRABA (CLIFTON LANE), -30.3833, 150.6083
BINGARA POST OFFICE, -29.8673, 150.5715
WARIALDA POST OFFICE, -29.5416, 150.5754
WALLANGRA (WALLANGRA STATION), -29.2443, 150.8923
NARRABRI AIRPORT AWS, -30.3154, 149.8302
PINDARI DAM, -29.3899, 151.2448
GUNNEDAH POOL, -30.9841, 150.2540
GUNNEDAH RESOURCE CENTRE, -31.0261, 150.2687
QUIRINDI POST OFFICE, -31.5086, 150.6793
TAMWORTH AIRPORT, -31.0867, 150.8467
WOOLBROOK (WOOLBROOK ROAD), -30.9651, 151.3505
GUNNEDAH AIRPORT AWS, -30.9537, 150.2494
TAMWORTH AIRPORT AWS, -31.0742, 150.8362
ARMIDALE (RADIO STATION 2AD), -30.5167, 151.6681
BUNDARRA POST OFFICE, -30.1711, 151.0757
DEEPWATER POST OFFICE, -29.4421, 151.8483
GLEN INNES POST OFFICE, -29.7368, 151.7366
GLEN INNES AG RESEARCH STN, -29.6952, 151.6935
GUYRA POST OFFICE, -30.2204, 151.6714
INVERELL COMPARISON, -29.7783, 151.1114
INVERELL RESEARCH CENTRE, -29.7752, 151.0820
MOUNT TOPPER STATE FOREST, -29.9167, 151.2167
TENTERFIELD (FEDERATION PARK), -29.0479, 152.0172
URALLA (DUMARESQ ST), -30.6437, 151.4906
WALCHA POST OFFICE, -30.9853, 151.5942
ARMIDALE (TREE GROUP NURSERY), -30.5243, 151.6716
BONSHAW (MONKSTADT), -29.1333, 151.4500
GUYRA HOSPITAL, -30.2122, 151.6794
ARMIDALE AIRPORT AWS, -30.5273, 151.6158
INVERELL (RAGLAN ST), -29.7796, 151.1121
GLEN INNES AIRPORT AWS, -29.6780, 151.6940
GIRARD STATE FOREST, -28.9000, 152.3000
JEOGLA (JEOLGA OLD.SF.SITE), -30.6167, 152.1833
URBENVILLE STATE FOREST, -28.4667, 152.5500
GLEN INNES (MT MITCHELL FOREST), -29.6460, 152.0936
TABULAM (MUIRNE), -28.7551, 152.4507
BYRON BAY (CAPE BYRON LIGHTHOUSE), -28.6388, 153.6361
YAMBA PILOT STATION, -29.4325, 153.3632
CONDONG SUGAR MILL, -28.3167, 153.4333
HARWOOD ISLAND (HARWOOD SUGAR MILL), -29.4227, 153.2533
LISMORE (CENTRE STREET), -28.8070, 153.2628
ROSEBERRY STATE FOREST NURSERY, -28.4833, 152.9167
TABBIMOBILE STATE FOREST, -29.2000, 153.2667
TYALGUM (WANUNGARA VIEW), -28.3364, 153.2236
WHIAN WHIAN (RUMMERY PARK), -28.5988, 153.3783
CASINO AIRPORT, -28.8752, 153.0490
BROADWATER SUGAR MILL, -29.0167, 153.4333
GRAFTON RESEARCH STN, -29.6224, 152.9605
GRAFTON OLYMPIC POOL, -29.6823, 152.9278
ALSTONVILLE TROPICAL FRUIT RESEARCH STAT, -28.8521, 153.4556
MURWILLUMBAH (BRAY PARK), -28.3395, 153.3809
GRAFTON AIRPORT AWS, -29.7583, 153.0297
BALLINA AIRPORT AWS, -28.8353, 153.5585
CASINO AIRPORT AWS, -28.8824, 153.0618
EVANS HEAD RAAF BOMBING RANGE AWS, -29.1830, 153.3964
LISMORE AIRPORT AWS, -28.8305, 153.2601
BYRON BAY (CAPE BYRON AWS), -28.6399, 153.6358
LISMORE (RICHMOND HILL), -28.7853, 153.3409
BELLINGEN POST OFFICE, -30.4519, 152.8979
BROOKLANA (BOBO NURSERY), -30.2500, 152.8500
KEMPSEY AIRPORT AWS, -31.0711, 152.7717
CLOUDS CREEK STATE FOREST, -30.0903, 152.6333
KEMPSEY (WIDE STREET), -31.0770, 152.8235
SOUTH WEST ROCKS (SMOKY CAPE LIGHTHOUSE), -30.9225, 153.0871
COFFS HARBOUR MO, -30.3107, 153.1187
WOOLGOOLGA STATE FOREST, -30.1167, 153.1833
SOUTH SOLITARY ISLAND, -30.2000, 153.2667
BELLINGEN (THE OBSERVATORY), -30.4167, 152.8667
DORRIGO (OLD CORAMBA RD), -30.3444, 152.7187
COFFS HARBOUR AIRPORT, -30.3189, 153.1162
BELLANGRY STATE FOREST 524, -31.3167, 151.5833
MOORLAND (COOPERNOOK STATE FOREST), -31.7900, 152.6092
COOLONGALOOK STATE FOREST, -32.2000, 152.3167
FORSTER - TUNCURRY MARINE RESCUE, -32.1756, 152.5089
HARRINGTON (OXLEY ANCHORAGE CARAVAN PARK, -31.8714, 152.6827
PORT MACQUARIE (HILL ST), -31.4399, 152.9110
TAREE (PATANGA CL), -31.8908, 152.4709
WAUCHOPE STATE FOREST, -31.4667, 152.7333
KENDALL FORESTRY, -31.6367, 152.7061
YARRAS (MOUNT SEAVIEW), -31.3865, 152.2482
PORT MACQUARIE AIRPORT AWS (COMPARISON), -31.4335, 152.8655
TAREE AIRPORT AWS, -31.8895, 152.5120
PORT MACQUARIE AIRPORT AWS, -31.4343, 152.8662
CAMPBELLS HILL, -32.7000, 151.5000
CESSNOCK POST OFFICE, -32.8272, 151.3661
DUNGOG POST OFFICE, -32.4022, 151.7581
KULNURA (WILLIAM ROAD), -33.2333, 151.2000
EAST MAITLAND BOWLING CLUB, -32.7483, 151.5833
MURRURUNDI POST OFFICE, -31.7651, 150.8363
MUSWELLBROOK (LOWER HILL ST), -32.2611, 150.8847
NELSON BAY (NELSON HEAD), -32.7103, 152.1612
NEWCASTLE NOBBYS SIGNAL STATION AWS, -32.9184, 151.7985
OLNEY STATE FOREST, -33.1000, 151.2500
RATHMINES AMO, -33.0500, 151.6000
SCONE (PHILIP STREET), -32.0458, 150.8708
RAYMOND TERRACE (WALLAROO STATE FOREST), -32.6180, 151.8877
WILLIAMTOWN RAAF, -32.7939, 151.8364
JERRYS PLAINS POST OFFICE, -32.4963, 150.9106
GOSFORD (NARARA RESEARCH STATION) AWS, -33.3949, 151.3289
SCONE SCS, -32.0632, 150.9271
MARYVILLE, -32.9131, 151.7500
CESSNOCK (NULKABA), -32.8093, 151.3490
PATERSON (TOCAL AWS), -32.6296, 151.5919
MAITLAND WEST AERO, -32.7000, 151.4667
CESSNOCK AIRPORT AWS, -32.7914, 151.3369
NORAH HEAD LIGHTHOUSE, -33.2814, 151.5760
SINGLETON ARMY, -32.6133, 151.1717
MERRIWA (ROSCOMMON), -32.1852, 150.1737
LOSTOCK DAM, -32.3322, 151.4595
SANDY HOLLOW (MT DANGER VINEYARDS), -32.3333, 150.5667
PEATS RIDGE (WARATAH ROAD), -33.3102, 151.2445
SCONE AIRPORT AWS, -32.0335, 150.8264
NORAH HEAD AWS, -33.2814, 151.5766
SINGLETON WATER BOARD, -32.5687, 151.1589
MANGROVE MOUNTAIN AWS, -33.2894, 151.2107
WILLIAMTOWN COMPARISON AWS, -32.8081, 151.8419
MAITLAND VISITORS CENTRE, -32.7422, 151.5668
NEWCASTLE UNIVERSITY, -32.8906, 151.7068
MURRURUNDI GAP AWS, -31.7416, 150.7937
SINGLETON STP, -32.5902, 151.1743
WILLIAMTOWN COMPARISON, -32.7939, 151.8386
COORANBONG (LAKE MACQUARIE AWS), -33.0887, 151.4636
GOSFORD AWS, -33.4351, 151.3614
MAITLAND AIRPORT AWS, -32.7023, 151.4881
SINGLETON DEFENCE AWS, -32.6976, 151.1564
MURRURUNDI (HAYDON STREET), -31.7678, 150.8418
CASSILIS POST OFFICE, -32.0051, 149.9815
CASSILIS (DALKEITH), -31.9963, 149.9856
GULGONG POST OFFICE, -32.3634, 149.5329
MUDGEE (GEORGE STREET), -32.5956, 149.5956
NULLO MOUNTAIN AWS, -32.7244, 150.2290
MUDGEE AIRPORT AWS, -32.5628, 149.6149
BATHURST GAOL, -33.4167, 149.5500
BATHURST AGRICULTURAL STATION, -33.4288, 149.5559
BLAYNEY POST OFFICE, -33.5350, 149.2600
ORANGE (CANOBOLAS STATE FOREST), -33.3934, 149.0231
CARCOAR, -33.6167, 149.1333
COWRA POST OFFICE, -33.9000, 148.7000
COWRA RESEARCH CENTRE (EVANS ST), -33.8087, 148.7071
GURNANG STATE FOREST (OBERON (YOUNG ADUL, -34.0111, 149.8369
OBERON (JENOLAN CAVES), -33.8195, 150.0217
KATOOMBA (FARNELLS RD), -33.7139, 150.2953
LIDSDALE STATE FOREST, -33.4500, 150.0500
MILLTHORPE (INALA), -33.4455, 149.1847
MOUNT VICTORIA (MT VICTORIA (SELSDON STR, -33.5917, 150.2544
MULLION CREEK (MULLION RANGE FOREST), -33.0934, 149.1280
LITHGOW (NEWNES FOREST CENTRE), -33.3675, 150.2383
OBERON (ALBION ST), -33.6993, 149.8670
ORANGE POST OFFICE, -33.2833, 149.1000
SPRINGWOOD (VALLEY HEIGHTS), -33.7065, 150.5848
BLACK SPRINGS FORESTRY, -33.8462, 149.7396
KIRKCONNELL PRISON CAMP, -33.4167, 149.8500
CARCOAR (ICELY STREET), -33.6167, 149.1333
LITHGOW (BIRDWOOD ST), -33.4901, 150.1498
LITHGOW (COOERWULL), -33.4769, 150.1303
WENTWORTH FALLS COUNTRY CLUB, -33.6976, 150.3665
ORANGE AIRPORT COMPARISON, -33.3815, 149.1229
ORANGE TV CHANNEL CNB8, -33.3000, 149.1167
ORANGE (WOLAROI), -33.3000, 149.1167
ORANGE AGRICULTURAL INSTITUTE, -33.3211, 149.0828
BLACKHEATH M.C.A., -33.6333, 150.2833
BATHURST AIRPORT AWS, -33.4119, 149.6540
MOUNT BOYCE AWS, -33.6185, 150.2741
OBERON (JENOLAN CAVES ROAD), -33.7400, 149.8822
ORANGE AIRPORT AWS, -33.3768, 149.1263
BATHURST AG COMPARISON, -33.4300, 149.5550
MARRANGAROO (DEFENCE), -33.4346, 150.1350
COONABARABRAN (SHOWGROUNDS), -31.2786, 149.2786
DUNEDOO POST OFFICE, -32.0165, 149.3956
COONABARABRAN AIRPORT AWS, -31.3330, 149.2699
COOLAH (BINNIA ST), -31.8231, 149.7200
CANOWINDRA (CANOWINDRA STREET), -33.5720, 148.6619
DUBBO (DARLING STREET), -32.2385, 148.6089
FORBES (CAMP STREET), -33.3892, 148.0081
MOLONG (HILL ST), -33.0881, 148.8584
PARKES (MACARTHUR STREET), -33.1419, 148.1639
WELLINGTON (D&J RURAL), -32.5635, 148.9503
WELLINGTON RESEARCH CENTRE, -32.5059, 148.9708
DUBBO STATE FOREST, -32.2667, 148.6167
PARKES AIRPORT AWS, -33.1281, 148.2428
DUBBO AIRPORT AWS, -32.2206, 148.5753
COWRA AIRPORT COMPARISON, -33.8451, 148.6534
FORBES AIRPORT AWS, -33.3627, 147.9205
COWRA AIRPORT AWS, -33.8382, 148.6540
CENTENNIAL PARK ROUND HOUSE, -33.8975, 151.2328
SYDNEY AIRPORT AMO, -33.9465, 151.1731
TERREY HILLS AWS, -33.6908, 151.2253
SYDNEY (OBSERVATORY HILL), -33.8607, 151.2050
LUCAS HEIGHTS (ANSTO), -34.0517, 150.9800
PARRAMATTA NORTH (MASONS DRIVE), -33.7917, 151.0181
RIVERVIEW OBSERVATORY, -33.8258, 151.1556
GRANVILLE SHELL REFINERY, -33.8322, 151.0340
BANKSTOWN AIRPORT AWS, -33.9176, 150.9837
HOLDSWORTHY AIR CAVALRY, -33.9500, 150.9500
MACQUARIE PARK (WILLANDRA VILLAGE), -33.7791, 151.1121
CENTENNIAL PARK, -33.8959, 151.2341
HOLSWORTHY AERODROME AWS, -33.9925, 150.9489
VILLAWOOD ARCHIVES, -33.8333, 151.0000
MARSFIELD (MACQUARIE UNIVERSITY NO:2), -33.7654, 151.1176
CANTERBURY RACECOURSE AWS, -33.9057, 151.1134
SYDNEY OLYMPIC PARK (SYDNEY OLYMPIC PK (, -33.8521, 151.0646
SYDNEY HARBOUR (WEDDING CAKE WEST), -33.8405, 151.2643
SYDNEY OLYMPIC PARK AWS (ARCHERY CENTRE), -33.8338, 151.0718
SYDNEY (OBSERVATORY HILL), -33.8593, 151.2048
GLENFIELD (MACQUARIE), -33.9667, 150.9000
GLENORIE (OLD NORTHERN RD), -33.5908, 151.0094
PROSPECT RESERVOIR, -33.8193, 150.9127
LIVERPOOL (MICHAEL WENDEN CENTRE), -33.9214, 150.8861
RICHMOND - UWS HAWKESBURY, -33.6165, 150.7477
SEVEN HILLS (COLLINS ST), -33.7704, 150.9318
RICHMOND RAAF, -33.6022, 150.7794
LIVERPOOL(WHITLAM CENTRE), -33.9272, 150.9128
BADGERYS CREEK MCMASTERS F.STN, -33.8683, 150.7278
ORCHARD HILLS TREATMENT WORKS, -33.8020, 150.7069
WEST PENNANT HILLS (CUMBERLAND STATE FOR, -33.7459, 151.0402
RICHMOND RAAF, -33.6004, 150.7761
BADGERYS CREEK AWS, -33.8969, 150.7281
PENRITH LAKES AWS, -33.7195, 150.6783
HOLSWORTHY CONTROL RANGE, -33.9795, 150.9254
HORSLEY PARK EQUESTRIAN CENTRE AWS, -33.8510, 150.8567
BOWRAL POST OFFICE, -34.5000, 150.4000
JERVIS BAY (POINT PERPENDICULAR LIGHTHOU, -35.0936, 150.8048
KIAMA BOWLING CLUB, -34.6750, 150.8519
MOSS VALE (HOSKINS STREET), -34.5444, 150.3768
PICTON COUNCIL DEPOT, -34.1685, 150.6145
PORT KEMBLA SIGNAL STATION, -34.4772, 150.9131
NOWRA RAN AIR STATION AWS, -34.9469, 150.5353
NOWRA RAN AIR STATION, -34.9449, 150.5450
CAMPBELLTOWN SWIMMING CENTRE, -34.0833, 150.8167
BOWRAL (PARRY DRIVE), -34.4869, 150.4019
JERVIS BAY (POINT PERPENDICULAR AWS), -35.0936, 150.8049
WATTAMOLLA, -34.7333, 150.6167
WOLLONGONG UNIVERSITY, -34.4030, 150.8795
CAMDEN AIRPORT AWS, -34.0390, 150.6890
MINTO (ALDERNEY STREET), -34.0411, 150.8458
BELLAMBI AWS, -34.3692, 150.9291
MOSS VALE AWS, -34.5253, 150.4217
ALBION PARK (SHELLHARBOUR AIRPORT), -34.5639, 150.7924
KIAMA (BOMBO HEADLAND), -34.6532, 150.8609
PORT KEMBLA NTC AWS, -34.4734, 150.9118
CAMPBELLTOWN (MOUNT ANNAN), -34.0615, 150.7735
HIGH RANGE AWS (WANGANDERRY), -34.3335, 150.2670
HOLSWORTHY DEFENCE AWS, -34.0810, 150.9009
JERVIS BAY NSW (JERVIS BAY AIRFIELD AWS), -35.1439, 150.6973
BEGA (NEWTOWN ROAD), -36.6883, 149.8380
BRAIDWOOD (MONKITTEE STREET), -35.4489, 149.7990
MONTAGUE ISLAND LIGHTHOUSE, -36.2519, 150.2275
MORUYA HEADS PILOT STATION, -35.9093, 150.1532
NALBAUGH STATE FOREST, -37.0667, 149.3500
NAROOMA (MARINE RESCUE), -36.2144, 150.1358
ULLADULLA, -35.3667, 150.4833
NERRIGA COMPOSITE, -35.1165, 150.0847
GREEN CAPE LIGHTHOUSE, -37.2614, 150.0497
MERIMBULA AIRPORT COMPARISON, -36.9106, 149.9017
WOODBURN STATE FOREST, -35.4000, 150.4333
KIOLOA (LONDON FOUNDATION), -35.5467, 150.3767
NERRIGA AWS, -35.1103, 150.0826
BRAIDWOOD RACECOURSE AWS, -35.4253, 149.7835
BATEMANS BAY (CATALINA COUNTRY CLUB), -35.7234, 150.1872
GREEN CAPE AWS, -37.2622, 150.0504
ULLADULLA AWS, -35.3635, 150.4828
BEGA AWS, -36.6722, 149.8191
MERIMBULA AIRPORT AWS, -36.9077, 149.8989
MORUYA AIRPORT AWS, -35.9004, 150.1437
BOMBALA (THERRY STREET), -36.9113, 149.2379
CANBERRA AIRPORT COMPARISON, -35.3049, 149.2014
CANBERRA FORESTRY, -35.3000, 149.1000
CROOKWELL POST OFFICE, -34.4578, 149.4693
FROGMORE, -34.2739, 148.8400
GOULBURN, -34.7500, 149.8667
NIMMITABEL WASTEWATER TREATMENT FACILITY, -36.5112, 149.2794
TARALGA (COMMUNITY GARDEN), -34.4002, 149.8174
BELCONNEN (HOLT (PINE RIDGE)), -35.2389, 148.9958
YASS (LINTON HOSTEL), -34.8313, 148.9113
COOMA NORTH SMHEC, -36.2167, 149.1333
CANBERRA (ACTON), -35.3000, 149.1000
GUDGENBY, -35.7500, 148.9833
ORRORAL VALLEY (STADAN), -35.6333, 148.9500
GOULBURN AERO CLUB, -34.8167, 149.7333
COOMA AIRPORT AWS, -36.2939, 148.9725
BOOROWA POST OFFICE, -34.4382, 148.7158
HONEYSUCKLE CREEK, -35.5833, 148.9833
COOMA NORTH GERINGA AVENUE, -36.2167, 149.1333
URIARRA FOREST 2, -35.3000, 148.9167
GOULBURN TAFE, -34.7495, 149.7034
COOMA VISITORS CENTRE, -36.2318, 149.1243
CANBERRA CITY, -35.2667, 149.1167
GOULBURN ST JOHNS, -34.7667, 149.7000
TIDBINBILLA NATURE RESERVE, -35.4408, 148.9422
NAMADGI NATIONAL PARK (GLENDALE CROSSING, -35.6920, 149.0052
TARAGO (WOODLAWN MINES), -35.0667, 149.5833
BENDORA DAM, -35.4424, 148.8296
CORIN DAM, -35.5368, 148.8383
CORIN FOREST REC FACILITY, -35.5155, 148.9216
CRAIGIE (BONDI FOREST LODGE), -37.1473, 149.1496
BOMBALA AWS, -37.0015, 149.2336
GOULBURN AIRPORT AWS, -34.8085, 149.7311
CANBERRA AERO COMPARISON, -35.3083, 149.1936
TUGGERANONG (ISABELLA PLAINS) AWS, -35.4184, 149.0937
MOUNT GININI AWS, -35.5293, 148.7721
CANBERRA AIRPORT, -35.3106, 149.1970
YASS (RURAL FIRE SERVICE), -34.8225, 148.9080
CHARLOTTE PASS (KOSCIUSKO CHALET), -36.4335, 148.3327
KIANDRA CHALET, -35.8833, 148.5000
SPENCERS CREEK, -36.4333, 148.3500
CABRAMURRA SMHEA, -35.9333, 148.3833
ISLAND BEND, -36.3333, 148.4833
THREDBO AWS, -36.4917, 148.2859
THREDBO VILLAGE, -36.5031, 148.3038
PERISHER VALLEY SKI CENTRE, -36.4033, 148.4104
PERISHER VALLEY AWS, -36.4069, 148.4055
ADELONG (TUMUT ST), -35.3085, 148.0641
BROOKFIELD FOREST STATION, -35.8000, 147.9333
CARABOST FOREST HEADQUARTERS, -35.6500, 147.8022
CARABOST STATE FOREST 2, -35.6500, 147.7167
HUME RESERVOIR, -36.1039, 147.0329
MURRAGULDRIE STATE FOREST 1, -35.5000, 147.6167
TUMBARUMBA POST OFFICE, -35.7780, 148.0122
TUMUT PLAINS (HOMESDALE), -35.3333, 148.2667
RED HILL STATE FOREST, -35.1667, 148.3667
ALBURY GRAMMAR SCHOOL, -36.0667, 146.9333
KHANCOBAN SMHEA, -36.2254, 148.1431
LAUREL HILL PRISON CAMP, -35.6500, 148.0667
CABRAMURRA SMHEA, -35.9383, 148.3842
ALBURY PUMPING STATION, -36.0817, 146.9550
ALBURY AIRPORT, -36.0694, 146.9531
WAGGA WAGGA AMO, -35.1583, 147.4575
WAGGA WAGGA (KOORINGAL), -35.1333, 147.3667
ALBURY AIRPORT AWS, -36.0690, 146.9509
CABRAMURRA SMHEA AWS, -35.9371, 148.3779
KHANCOBAN AWS, -36.2304, 148.1405
BURRINJUCK DAM, -34.9997, 148.5984
COOTAMUNDRA POST OFFICE, -34.6411, 148.0236
GRENFELL (MANGANESE RD), -33.8934, 148.1523
HARDEN (EAST ST), -34.5607, 148.3653
JUNEE TREATMENT WORKS, -34.8456, 147.5714
QUANDIALLA POST OFFICE, -34.0112, 147.7937
TEMORA RESEARCH STATION, -34.4061, 147.5248
WYALONG POST OFFICE, -33.9262, 147.2418
YOUNG POST OFFICE, -34.3167, 148.2967
GUNDAGAI SHIRE OFFICE, -35.0667, 148.1000
COOTAMUNDRA AERO, -34.6333, 148.0500
GUNDAGAI OTWAY ST, -35.0667, 148.1000
WAGGA WAGGA AGRICULTURAL INSTITUTE, -35.0517, 147.3493
GUNDAGAI RIDGE STREET, -35.0778, 148.1039
YOUNG AIRPORT, -34.2493, 148.2475
GUNDAGAI (NANGUS RD), -35.0640, 148.0986
COOTAMUNDRA AIRPORT, -34.6299, 148.0365
TEMORA AIRPORT, -34.4277, 147.5117
ARDLETHAN POST OFFICE, -34.3570, 146.9035
BERRIGAN POST OFFICE, -35.6576, 145.8124
FINLEY AIRPORT AWS, -35.6613, 145.5610
COROWA AIRPORT, -35.9887, 146.3574
YANCO AGRICULTURAL INSTITUTE, -34.6222, 146.4327
DENILIQUIN FALKINER MEMORIAL, -35.3667, 145.0500
LEETON CARAVAN PARK, -34.5670, 146.4114
MATHOURA STATE FOREST, -35.8119, 144.9010
MOIRA STATE FOREST, -36.0167, 144.9000
NARRANDERA POST OFFICE, -34.7500, 146.5500
NARRANDERA STATE FOREST, -34.7500, 146.5667
FINLEY (STRATHDRUMMOND), -35.5667, 145.5333
TOCUMWAL AIRPORT, -35.8170, 145.6004
URANA POST OFFICE, -35.3305, 146.2652
WAGGA WAGGA RESEARCH CENTRE, -35.1311, 147.3091
DENILIQUIN (VISITOR INFORMATION CENTRE), -35.5283, 144.9651
NARRANDERA AIRPORT AWS, -34.7050, 146.5140
DENILIQUIN AERO, -35.5333, 144.9667
TOCUMWAL AERO, -35.7833, 145.5667
NARRANDERA GOLF CLUB, -34.7325, 146.5592
FINLEY (CSIRO), -35.7111, 145.6236
DENILIQUIN AIRPORT AWS, -35.5575, 144.9458
KAPOOKA (DEFENCE), -35.1327, 147.2512
HAY AIRPORT AWS, -34.5412, 144.8315
GRIFFITH CSIRO, -34.3183, 146.0667
HAY (MILLER STREET), -34.5194, 144.8545
HILLSTON AIRPORT, -33.4915, 145.5248
LAKE CARGELLIGO AIRPORT, -33.2832, 146.3706
GRIFFITH AIRPORT AWS, -34.2487, 146.0695
MOULAMEIN POST OFFICE, -35.0885, 144.0349
NARADHAN (URALBA), -33.6104, 146.3161
YENDA (HENRY STREET), -34.2502, 146.1897
GRIFFITH CSIRO, -34.3229, 146.0684
HAY CSIRO AWS, -34.5471, 144.8670
MERBEIN CSIRO RESEARCH STATION, -34.2133, 142.0400
MILDURA AIRPORT, -34.2358, 142.0867
OUYEN (POST OFFICE), -35.0682, 142.3125
WALPEUP RESEARCH, -35.1201, 142.0040
MILDURA POST OFFICE, -34.1833, 142.2000
ROBINVALE CONSOLIDATED SCHOOL, -34.6000, 142.7833
BEULAH, -35.9368, 142.4213
BIRCHIP POST OFFICE, -35.9825, 142.9156
HOPETOUN AIRPORT, -35.7151, 142.3569
RAINBOW POST OFFICE, -35.8975, 141.9950
SWAN HILL POST OFFICE, -35.3406, 143.5533
SWAN HILL AERODROME, -35.3766, 143.5416
DONALD POST OFFICE, -36.4000, 143.0000
NHILL AERODROME, -36.3093, 141.6486
KELLALAC (WARRACKNABEAL AIRPORT), -36.3203, 142.4161
NHILL, -36.3347, 141.6367
SERVICETON, -36.3667, 140.9833
WAIL, -36.5167, 142.1667
DONALD, -36.3718, 143.0363
WARRACKNABEAL MUSEUM, -36.2614, 142.4050
JEPARIT, -36.1442, 141.9928
HORSHAM POLKEMMET RD, -36.6613, 142.0687
LONGERENONG, -36.6722, 142.2991
ST ARNAUD, -36.6175, 143.2644
STAWELL, -37.1000, 142.8000
STAWELL, -37.0717, 142.7908
KANAGULK, -37.1169, 141.8031
EDENHOPE AIRPORT, -37.0222, 141.2657
HORSHAM AERODROME, -36.6699, 142.1733
PYRENEES (BEN NEVIS), -37.2281, 143.2005
GRAMPIANS (MOUNT WILLIAM), -37.2950, 142.6039
STAWELL AERODROME, -37.0720, 142.7402
BOORT, -36.1160, 143.7229
CHARLTON POST OFFICE, -36.3000, 143.4000
ECHUCA AERODROME, -36.1639, 144.7639
KERANG, -35.7466, 143.9350
NUMURKAH POST OFFICE, -36.1000, 145.4500
ROCHESTER, -36.3612, 144.7110
KYABRAM, -36.3350, 145.0638
SERPENTINE LODDON VALLEY H'WAY, -36.4093, 143.9752
NUMURKAH, -36.0921, 145.4531
CHARLTON, -36.2846, 143.3341
AVOCA (POST OFFICE), -37.0887, 143.4747
BENDIGO PRISON, -36.7533, 144.2825
DOOKIE AGRICULTURAL COLLEGE, -36.3717, 145.7048
GOULBURN RIVER @ SHEPPARTON, -36.3798, 145.3935
TATURA INST SUSTAINABLE AG, -36.4379, 145.2673
YARRAWONGA POST OFFICE, -36.0281, 146.0044
LEMNOS (CAMPBELLS SOUP), -36.3608, 145.4594
WANALTA DAEN STATION, -36.6284, 144.8727
BENDIGO AIRPORT, -36.7411, 144.3274
YARRAWONGA, -36.0294, 146.0305
SHEPPARTON AIRPORT, -36.4288, 145.3949
BEECHWORTH COMPOSITE, -36.3702, 146.7132
BENALLA (SHADFORTH STREET), -36.5483, 145.9703
CORRYONG (PARISH LANE), -36.2003, 147.8956
EUROA, -36.7569, 145.5660
MYRTLEFORD POST OFFICE, -36.5667, 146.7333
RUTHERGLEN RESEARCH, -36.1048, 146.5094
STRATHBOGIE, -36.8472, 145.7307
WANGARATTA, -36.3667, 146.3000
WODONGA, -36.1180, 146.9061
STANLEY STATE FOREST, -36.4167, 146.7667
CORRYONG FORESTRY, -36.2000, 147.9000
MITTA MITTA, -36.5293, 147.3748
DARTMOUTH RESERVOIR, -36.5352, 147.4984
SHELLEY, -36.1821, 147.5515
BONEGILLA, -36.1333, 147.0000
BEECHWORTH WOOLSHED, -36.3192, 146.6803
WANGARATTA AERO, -36.4205, 146.3056
HUNTERS HILL, -36.2137, 147.5395
CORRYONG AIRPORT, -36.1826, 147.8942
BENALLA AIRPORT, -36.5522, 145.9977
BOGONG, -36.8056, 147.2239
HOTHAM HEIGHTS, -36.9833, 147.1500
MOUNT BEAUTY, -36.7450, 147.1633
MOUNT BULLER, -37.1450, 146.4394
OMEO COMPARISON, -37.1011, 147.5980
WOODS POINT, -37.5695, 146.2543
FALLS CREEK SEC, -36.8633, 147.2794
BRIGHT, -36.7313, 146.9614
FALLS CREEK, -36.8667, 147.2833
MOUNT BUFFALO CHALET, -36.7220, 146.8189
MOUNT HOTHAM, -36.9833, 147.1478
EDI UPPER, -36.7396, 146.4671
FALLS CREEK, -36.8708, 147.2755
MOUNT HOTHAM, -36.9772, 147.1342
OMEO, -37.1017, 147.6008
GABO ISLAND LIGHTHOUSE, -37.5679, 149.9158
CANN RIVER FORESTRY, -37.5333, 149.1500
NOWA NOWA, -37.7279, 148.0958
ORBOST (COMPARISON), -37.6917, 148.4589
POINT HICKS (LIGHTHOUSE), -37.8017, 149.2747
BENDOC FORESTRY, -37.1500, 148.8833
BAIRNSDALE POST OFFICE, -37.8167, 147.6167
LAKES ENTRANCE, -37.8692, 147.9961
MALLACOOTA, -37.5976, 149.7289
TABBERABBERA (THE PINES), -37.5833, 147.3667
BAIRNSDALE, -37.8333, 147.6500
GELANTIPY, -37.2200, 148.2626
COMBIENBAR AWS, -37.3416, 149.0227
MOUNT NOWA NOWA, -37.6924, 148.0908
ORBOST, -37.6922, 148.4667
LAKES ENTRANCE (EASTERN BEACH ROAD), -37.8717, 148.0060
ABERFELDY, -37.7000, 146.3667
ERICA, -37.9747, 146.3745
MAFFRA FORESTRY OFFICE, -37.9664, 146.9831
EAST SALE, -38.1156, 147.1323
TANJIL BREN, -37.8000, 146.2000
TIDAL RIVER, -39.0310, 146.3227
WARRAGUL, -38.1731, 145.9487
WILSONS PROMONTORY LIGHTHOUSE, -39.1297, 146.4246
WOODSIDE, -38.5000, 146.9000
POUND CREEK, -38.6297, 145.8107
YALLOURN SEC, -38.1858, 146.3317
OLSENS BRIDGE (MORWELL RIVER PRISON), -38.4861, 146.3233
SALE, -38.1000, 147.0500
HAZELWOOD SEC, -38.2933, 146.3883
YARRAM AIRPORT, -38.5647, 146.7479
WON WRON PRISON, -38.4856, 146.6717
NOOJEE, -37.9000, 146.0000
MOONDARRA RESERVOIR, -38.0992, 146.3792
EAST TARWIN (MIRBOO PASTORAL COMPANY), -38.5215, 146.2041
EAST TARWIN NO.18, -38.5269, 146.2581
ELLINBANK DAIRY RESEARCH INST, -38.2456, 145.9347
NOOJEE PEARCE, -37.8833, 146.0167
DARRIMAN (OMEGA), -38.4833, 146.9333
NOOJEE (SLIVAR), -37.9039, 145.9719
BAIRNSDALE AIRPORT, -37.8818, 147.5669
MORWELL (LATROBE VALLEY AIRPORT), -38.2094, 146.4746
WILLOW GROVE (BLUE ROCK RESERVOIR), -38.0809, 146.2139
MOUNT BAW BAW, -37.8384, 146.2747
MOUNT MOORNAPA, -37.7481, 147.1428
EAST SALE COMPARISON, -38.1072, 147.1317
CORNER INLET (YANAKIE), -38.8051, 146.1936
NILMA NORTH (WARRAGUL), -38.1321, 145.9865
EAST SALE AIRPORT, -38.1016, 147.1398
CAPE SCHANCK LIGHTHOUSE, -38.4931, 144.8858
BRIGHTON BOWLS CLUB, -37.9252, 145.0254
ESSENDON AIRPORT, -37.7276, 144.9066
HEALESVILLE (BADGER CRK SANCTUARY), -37.6833, 145.5333
KEW, -37.8167, 145.0333
VIEWBANK, -37.7408, 145.0972
MELBOURNE REGIONAL OFFICE, -37.8075, 144.9700
MOORABBIN AIRPORT, -37.9800, 145.0962
MORNINGTON, -38.2358, 145.0667
MOUNT ELIZA, -38.2000, 145.1000
POWELLTOWN DNRE, -37.8615, 145.7443
PORTSEA QUARANTINE STATION, -38.3167, 144.6667
SCORESBY RESEARCH INSTITUTE, -37.8710, 145.2561
TOORADIN, -38.1667, 145.4000
WATSONIA LOYOLA, -37.7000, 145.0833
WONTHAGGI, -38.6078, 145.5965
TOOLANGI (MOUNT ST LEONARD DPI), -37.5720, 145.5014
ASPENDALE CSIRO, -38.0333, 145.1000
DANDENONG, -37.9764, 145.2247
FRENCH ISLAND (MCLEOD PRISON), -38.4000, 145.3000
MOUNT DANDENONG GTV9, -37.8306, 145.3500
CARRUM DOWNS, -38.1167, 145.1797
FERNY CREEK, -37.8748, 145.3497
MELBOURNE AIRPORT, -37.6654, 144.8322
STONY POINT, -38.3833, 145.2167
MELBOURNE (OLYMPIC PARK), -37.8255, 144.9816
SOUTH CHANNEL ISLAND, -38.3065, 144.8016
BUNDOORA (LATROBE UNIVERSITY), -37.7163, 145.0453
PHILLIP ISLAND PENGUIN RESERVE, -38.5058, 145.1503
CERBERUS, -38.3646, 145.1785
TARRAWARRA MONASTERY, -37.6594, 145.4457
DALMORE, -38.1800, 145.4317
FRANKSTON BEACH, -38.1480, 145.1152
FERNY CREEK (DUNNS HILL), -37.8775, 145.3364
RHYLL, -38.4612, 145.3101
CRANBOURNE BOTANIC GARDENS, -38.1348, 145.2636
COLDSTREAM, -37.7239, 145.4092
MELBOURNE AIRPORT COMPARISON, -37.6750, 144.8419
FRANKSTON (BALLAM PARK), -38.1517, 145.1615
BALLAN (FISKVILLE), -37.6000, 144.2000
DURDIDWARRAH, -37.8233, 144.2078
GEELONG SALINES (MOOLAP), -38.1587, 144.3954
GEELONG SEC, -38.1167, 144.3667
LAVERTON RAAF, -37.8565, 144.7565
LAVERTON SALINES, -37.9000, 144.7500
MACEDON FORESTRY, -37.4155, 144.5569
MARIBYRNONG EXPLOSIVES FACTORY, -37.7750, 144.8767
QUEENSCLIFF, -38.2714, 144.6621
WERRIBEE RESEARCH FARM, -37.9000, 144.6833
GEELONG (POINT HENRY), -38.1333, 144.4167
AVALON AIRPORT, -38.0288, 144.4783
GEELONG (NORLANE), -38.0850, 144.3356
BLACKWOOD (ARMSTRONG), -37.4667, 144.3167
GROVEDALE (GEELONG AIRPORT), -38.2241, 144.3345
POINT WILSON, -38.0958, 144.5361
SHE OAKS, -37.9075, 144.1303
LAVERTON COMPARISON, -37.8633, 144.7456
BREAKWATER (GEELONG RACECOURSE), -38.1737, 144.3765
POINT COOK RAAF, -37.9273, 144.7566
ALEXANDRA (POST OFFICE), -37.1916, 145.7116
CASTLEMAINE POST OFFICE, -37.1000, 144.2000
CLUNES, -37.3049, 143.7776
CRESWICK, -37.4200, 143.8924
LAKE EILDON, -37.2313, 145.9124
HEATHCOTE, -36.9589, 144.7010
KYNETON POST OFFICE, -37.2500, 144.4500
MALDON (DERBY HILL), -36.9989, 144.0703
MARYBOROUGH, -37.0560, 143.7320
REDESDALE, -37.0194, 144.5203
SEYMOUR SHIRE DEPOT, -37.0277, 145.1491
RUBICON SEC, -37.3389, 145.8547
MANGALORE AIRPORT, -36.8886, 145.1859
CASTLEMAINE PRISON, -37.0809, 144.2391
MALMSBURY, -37.2000, 144.4000
KYNETON, -37.2496, 144.4321
NEWBURY, -37.4167, 144.2833
SPRING CREEK BASIN TWO, -37.0748, 145.7220
WALLAN (KILMORE GAP), -37.3807, 144.9654
EILDON FIRE TOWER, -37.2091, 145.8423
PUCKAPUNYAL WEST (DEFENCE), -37.0177, 144.8546
PUCKAPUNYAL LYON HILL (DEFENCE), -36.9381, 145.0539
ARARAT POST OFFICE, -37.2833, 142.9500
BALLARAT AERODROME, -37.5127, 143.7911
LISMORE (POST OFFICE), -37.9543, 143.3437
WOOHLPOOER, -37.3333, 142.1500
ARARAT PRISON, -37.2769, 142.9786
WARRAMBINE NO 2, -37.8783, 143.9023
WARRAMBINE BASIN NO 3, -37.8333, 143.8833
LOOKOUT HILL, -37.2822, 143.2469
WESTMERE, -37.7067, 142.9378
CAMPERDOWN (POST OFFICE), -38.2331, 143.1450
CAPE NELSON LIGHTHOUSE COMPARISON, -38.4319, 141.5419
CAPE OTWAY LIGHTHOUSE, -38.8557, 143.5130
COLAC AIRPORT, -38.2798, 143.6613
COLAC (MOUNT GELLIBRAND), -38.2333, 143.7924
FORREST STATE FOREST, -38.5198, 143.7150
HAMILTON, -37.7333, 142.0167
HEYWOOD FORESTRY, -38.1355, 141.6316
TERANG, -38.2362, 142.9166
WARRNAMBOOL (POST OFFICE), -38.3836, 142.4814
WEEAPROINAH, -38.6357, 143.5127
RENNICK, -37.8408, 140.9717
HAMILTON RESEARCH STATION, -37.8250, 142.0644
GELLIBRAND RIVER FORESTRY, -38.5304, 143.5390
CASTERTON SHOWGROUNDS, -37.5909, 141.4124
COLAC (SHIRE OFFICE), -38.3427, 143.5848
LORNE PIER HEAD, -38.5333, 143.9833
PORTLAND AERO, -38.3833, 141.6333
HAMILTON GODFREY, -37.7167, 141.9667
PORTLAND AIRPORT, -38.3148, 141.4705
WARRNAMBOOL AIRPORT, -38.2919, 142.4353
HAMILTON AIRPORT, -37.6486, 142.0636
COLAC (ELLIMINYT), -38.3933, 143.5961
PORT FAIRY AWS, -38.3906, 142.2348
MORTLAKE RACECOURSE, -38.0737, 142.7744
AIREYS INLET, -38.4583, 144.0883
CASTERTON, -37.5830, 141.3339
CAPE NELSON LIGHTHOUSE, -38.4306, 141.5437
WARRNAMBOOL AIRPORT NDB, -38.2869, 142.4524
PORTLAND NTC AWS, -38.3439, 141.6136
DARTMOOR, -37.9222, 141.2614
BRIDPORT POST OFFICE, -41.0067, 147.3917
BURNIE (ROUND HILL), -41.0661, 145.9431
CRESSY RESEARCH STATION (MAIN OFFICE), -41.7217, 147.0806
ELLIOTT RESEARCH STATION, -41.0828, 145.7725
LAUNCESTON (CITY), -41.4264, 147.1275
LOW HEAD (COMPARISON), -41.0567, 146.7883
PREOLENNA, -41.0867, 145.5517
QUOIBA, -41.2083, 146.3467
REDPA (GREENES ROAD), -40.9272, 144.7489
SHEFFIELD, -41.3831, 146.3278
SMITHTON (GRANT STREET), -40.8492, 145.1125
STANLEY POST OFFICE, -40.7642, 145.2944
TEWKESBURY, -41.2314, 145.7061
LAUNCESTON AIRPORT COMPARISON, -41.5397, 147.2033
WYNYARD AIRPORT, -40.9964, 145.7311
DEVONPORT, -41.1833, 146.3667
WYNYARD (JACKSON STREET), -40.9942, 145.7292
SCOTTSDALE (KRAFT FOODS), -41.1500, 147.5167
ERRIBA (CRADLE MOUNTAIN ROAD), -41.4506, 146.1089
LAUNCESTON (MOUNT PLEASANT), -41.4667, 147.1500
DEVONPORT AIRPORT, -41.1701, 146.4289
MOUNT BARROW, -41.4000, 147.4167
BRIDPORT DEVELOPMENT, -40.9667, 147.4333
LAUNCESTON (RADIO STATION 7EX), -41.4500, 147.1500
FORTHSIDE RESEARCH STATION, -41.2039, 146.2650
DELORAINE (GODERICK), -41.5167, 146.6333
GEORGE TOWN, -41.1167, 146.8333
MARRAWAH (GREENE), -40.9333, 144.7000
DELORAINE EAST, -41.5333, 146.6500
LAUNCESTON (ELPHIN), -41.4500, 147.1667
SCOTTSDALE (WEST MINSTONE ROAD), -41.1708, 147.4883
MARRAWAH, -40.9089, 144.7094
DEVONPORT EAST, -41.1800, 146.3817
LAUNCESTON (TI TREE BEND), -41.4194, 147.1219
GUNNS PLAINS, -41.3000, 145.9833
CAPE GRIM BAPS (COMPARISON), -40.6828, 144.6900
SCOTTSDALE (FORESTRY), -41.1608, 147.5156
LILYDALE (HOLLYBANK), -41.3167, 147.2000
LAKE BARRINGTON, -41.4167, 146.1833
LUNCHEON HILL (FORESTRY), -41.1492, 145.1517
POWRANNA (TASMANIA FEEDLOT), -41.6839, 147.2831
BRIDPORT (SEA VIEW VILLAS), -41.0025, 147.3869
SHEFFIELD SCHOOL FARM, -41.3890, 146.3173
SMITHTON AERODROME, -40.8347, 145.0847
LOW HEAD, -41.0547, 146.7874
CRESSY RESEARCH STATION, -41.7256, 147.0794
LAUNCESTON AIRPORT, -41.5476, 147.2156
KENNAOOK/CAPE GRIM, -40.6764, 144.6922
BURNIE NTC AWS, -41.0500, 145.9149
CRESSY (BRUMBYS CREEK), -41.7114, 147.0820
ROSSARDEN (ABERFOYLE), -41.6667, 147.7500
BICHENO (COUNCIL DEPOT), -41.8739, 148.3036
FINGAL (LEGGE STREET), -41.6428, 147.9664
LAKE LEAKE (ELIZABETH RIVER), -42.0067, 147.7975
ORFORD (AUBIN COURT), -42.5519, 147.8753
ST HELENS POST OFFICE, -41.3225, 148.2489
SWAN ISLAND LIGHTHOUSE, -40.7314, 148.1253
SWANSEA POST OFFICE, -42.1236, 148.0731
LARAPUNA (EDDYSTONE POINT), -40.9928, 148.3467
LAKE LEAKE (CHALET), -42.0097, 147.7933
SCAMANDER, -41.4639, 148.2644
BICHENO (THE HOMESTEAD), -41.8667, 148.2833
STORYS CREEK (STORYS CREEK ROAD), -41.6350, 147.7292
FRIENDLY BEACHES, -41.9953, 148.2794
EDDYSTONE POINT COMPARISON, -40.9933, 148.3467
ST HELENS AERODROME, -41.3381, 148.2792
SWAN ISLAND, -40.7292, 148.1250
MARIA ISLAND (POINT LESUEUR), -42.6621, 148.0179
SPRING BAY NTC AWS, -42.5464, 147.9308
SWANSEA (MARIA STREET), -42.1233, 148.0731
SWANSEA (FRANCIS STREET), -42.1381, 148.0736
FINGAL (FLEMING ST), -41.6430, 147.9800
CAMPBELL TOWN POST OFFICE, -41.9306, 147.4928
ROSS (ELLINTHORP), -42.0283, 147.3300
OATLANDS POST OFFICE, -42.3006, 147.3711
PALMERSTON, -41.7900, 146.9886
CAMPBELL TOWN, -41.9333, 147.4833
ROSS (THE BOULEVARDS), -42.0250, 147.4954
CAMBRIDGE AERODROME, -42.8333, 147.4833
HOBART AIRPORT WEST, -42.8339, 147.5033
CAPE BRUNY LIGHTHOUSE, -43.4892, 147.1453
DOVER, -43.3330, 146.9980
HASTINGS CHALET, -43.4133, 146.8744
HOBART (ELLERSLIE ROAD), -42.8897, 147.3278
KINGSTON, -42.9667, 147.3167
MAATSUYKER ISLAND LIGHTHOUSE, -43.6578, 146.2711
RISDON, -42.8333, 147.3167
MOUNT WELLINGTON (THE SPRINGS), -42.9156, 147.2464
GROVE (COMPARISON), -42.9830, 147.0771
TASMAN ISLAND LIGHTHOUSE, -43.2500, 148.0000
KUNANYI (MOUNT WELLINGTON PINNACLE), -42.8950, 147.2358
CLAREMONT HIGH SCHOOL, -42.8000, 147.2667
GEEVESTON (CEMETERY ROAD), -43.1647, 146.9175
MELTON MOWBRAY (LOVELY BANKS), -42.4406, 147.2278
GEEVESTON (FOURFOOT), -43.1589, 146.9197
TASMAN ISLAND, -43.2397, 148.0025
PORT ARTHUR (PALMERS LOOKOUT), -43.1639, 147.8333
BULL BAY (LAURISTON), -43.0903, 147.3611
HUONVILLE NORTH, -43.0303, 147.0522
HARTZ MOUNTAIN (KEOGHS PIMPLE), -43.2006, 146.7683
TUNNACK FIRE STATION, -42.4543, 147.4612
CAPE BRUNY (CAPE BRUNY), -43.4886, 147.1444
MELTON MOWBRAY (NORTH STOCKMAN), -42.4928, 147.1981
CAMPANIA (KINCORA), -42.6867, 147.4258
GROVE (RESEARCH STATION), -42.9844, 147.0756
HOBART AIRPORT, -42.8333, 147.5119
DUNALLEY (STROUD POINT), -42.9017, 147.7894
DENNES POINT, -43.0639, 147.3567
BOTHWELL (FRANKLIN STREET), -42.3883, 147.0061
BUSHY PARK (BUSHY PARK ESTATES), -42.7097, 146.8983
MAYDENA, -42.7636, 146.5972
NEW NORFOLK, -42.7833, 147.0833
TARRALEAH VILLAGE, -42.3003, 146.4486
LIAPOOTAH POWER STATION, -42.3808, 146.5083
OUSE FIRE STATION, -42.4842, 146.7106
MOOGARA (UXBRIDGE BACK ROAD), -42.7889, 146.9056
MAYDENA POST OFFICE, -42.7567, 146.6239
BRONTE HEIGHTS, -42.1423, 146.4932
BUTLERS GORGE, -42.2753, 146.2758
CRADLE VALLEY (WALDHEIM), -41.6383, 145.9444
LAKE ST CLAIR (HEC), -42.1000, 146.2167
SHANNON HEC, -42.0500, 146.7500
WIHAREJA, -42.0333, 146.8000
LIAWENEE, -41.8997, 146.6694
CRADLE MOUNTAIN AIRSTRIP, -41.5836, 145.9358
LIAWENEE COMPARISON, -41.8983, 146.6672
LAKE ST CLAIR NATIONAL PARK, -42.1177, 146.1771
BARREN TIER, -42.0197, 146.7533
CAPE SORELL, -42.1986, 145.1700
PORT DAVEY (MELALEUCA), -43.4297, 146.1597
QUEENSTOWN (COPPER MINE), -42.0661, 145.5681
WARATAH (MOUNT ROAD), -41.4372, 145.5258
ZEEHAN POST OFFICE, -41.8833, 145.3333
WARRA, -43.0609, 146.7040
QUEENSTOWN (7XS), -42.0967, 145.5447
SAVAGE RIVER MINE, -41.4892, 145.2083
STRATHGORDON (THE KNOB), -42.7333, 145.9833
STRATHGORDON VILLAGE, -42.7681, 146.0461
ZEEHAN (WEST COAST PIONEERS MUSEUM), -41.8822, 145.3358
STRAHAN (VIVIAN STREET), -42.1558, 145.3267
STRAHAN AERODROME, -42.1550, 145.2908
ROSEBERY (HEC SUBSTATION), -41.7772, 145.5381
NEWTON CREEK HEC, -41.9050, 145.5867
HELLYER MINE OFFICE, -41.5722, 145.7197
LOW ROCKY POINT, -42.9831, 145.5025
STRAHAN (LODGE), -42.1514, 145.3028
SCOTTS PEAK DAM, -43.0425, 146.2722
ROSEBERY STATION, -41.7903, 145.5244
MOUNT READ, -41.8444, 145.5417
CURRIE POST OFFICE, -39.9322, 143.8486
KING ISLAND AIRPORT, -39.8804, 143.8857
DEAL ISLAND, -39.4764, 147.3153
FLINDERS ISLAND AIRPORT, -40.0911, 148.0024
WHITEMARK POST OFFICE, -40.1214, 148.0167
LADY BARRON AERODROME, -40.2028, 148.2372
ESPERANCE NTC AWS, -33.8707, 121.8971
WITCHCLIFFE WEST, -34.0258, 115.0637
REDLAND (ALEXANDRA HILLS), -27.5433, 153.2394
CANUNGRA (DEFENCE), -28.0437, 153.1871
GREENBANK (DEFENCE), -27.6932, 152.9935
TIN CAN BAY (DEFENCE), -25.9351, 152.9647
MIDDLE PERCY ISLAND, -21.6628, 150.2711
WILLIS ISLAND, -16.2878, 149.9652
COCOS ISLAND AIRPORT, -12.1892, 96.8344
NORFOLK ISLAND AERO, -29.0389, 167.9408
ROCKY POINT, -10.4167, 105.6833
LORD HOWE ISLAND, -31.5500, 159.0833
CATO ISLAND, -23.2503, 155.5420
FREDERICK REEF, -20.9375, 154.4019
MARION REEF, -19.0964, 152.3892
ROWLEY SHOALS, -17.5217, 118.9531
POINT FAWCETT, -11.7628, 130.0300
HOLMES REEF, -16.4683, 147.8734
ADELE ISLAND, -15.5114, 123.1556
CREAL REEF, -20.5303, 150.3773
NORTH EAST ISLAND, -13.6449, 136.9445
FLINDERS REEF, -17.7195, 148.4478
BROWSE ISLAND, -14.1093, 123.5476
CAPE WESSEL, -11.0047, 136.7586
CHRISTMAS ISLAND AERO, -10.4515, 105.6890
GANNET CAY, -21.9769, 152.4707
CHRISTMAS ISLAND RADIO, -10.4336, 105.6844
HOGAN ISLAND, -39.2225, 146.9841
LORD HOWE ISLAND AERO, -31.5421, 159.0786
BOUGAINVILLE REEF, -15.4877, 147.1183
NORFOLK ISLAND COMPARISON, -29.0428, 167.9344
COCOS ISLAND MILOS AWS COMPARISON, -12.1903, 96.8333
WILLIS ISLAND COMPARISON, -16.2878, 149.9650
DAVIS, -68.5744, 77.9672
MAWSON, -67.6017, 62.8753
TAYLOR ROOKERY, -67.4500, 60.8667
WILKES, -66.2500, 110.5833
MACQUARIE ISLAND, -54.4994, 158.9369
HEARD ISLAND (ATLAS COVE), -53.0190, 73.3918
CASEY (THE TUNNEL), -66.2833, 110.5333
MOUNT CRESSWELL, -72.7333, 64.3833
MOORE PYRAMID, -70.3000, 65.1000
MOUNT KING, -67.1000, 52.5000
LANYON JUNCTION, -66.3000, 110.8667
LAW BASE, -69.4167, 76.5000
CASEY, -66.2825, 110.5231
HEARD ISLAND (THE SPIT), -53.1082, 73.7225
WILKINS RUNWAY EAST, -66.6831, 111.5317
DAVIS (WHOOP WHOOP), -68.4723, 78.8735
CASEY SKIWAY SOUTH, -66.2803, 110.7615
